StartTime,EndTime,AreaID,UnitName,PsrType,quantity
2021-12-31T23:00+00:00Z,2022-01-01T00:00+00:00Z,,MAW,B10,1711
2022-01-01T00:00+00:00Z,2022-01-01T01:00+00:00Z,,MAW,B10,1884
2022-01-01T01:00+00:00Z,2022-01-01T02:00+00:00Z,,MAW,B10,2515
2022-01-01T02:00+00:00Z,2022-01-01T03:00+00:00Z,,MAW,B10,2913
2022-01-01T03:00+00:00Z,2022-01-01T04:00+00:00Z,,MAW,B10,2957
2022-01-01T04:00+00:00Z,2022-01-01T05:00+00:00Z,,MAW,B10,2854
2022-01-01T05:00+00:00Z,2022-01-01T06:00+00:00Z,,MAW,B10,2850
2022-01-01T06:00+00:00Z,2022-01-01T07:00+00:00Z,,MAW,B10,2992
2022-01-01T07:00+00:00Z,2022-01-01T08:00+00:00Z,,MAW,B10,3305
2022-01-01T08:00+00:00Z,2022-01-01T09:00+00:00Z,,MAW,B10,3362
2022-01-01T09:00+00:00Z,2022-01-01T10:00+00:00Z,,MAW,B10,3283
2022-01-01T10:00+00:00Z,2022-01-01T11:00+00:00Z,,MAW,B10,3163
2022-01-01T11:00+00:00Z,2022-01-01T12:00+00:00Z,,MAW,B10,2993
2022-01-01T12:00+00:00Z,2022-01-01T13:00+00:00Z,,MAW,B10,2593
2022-01-01T13:00+00:00Z,2022-01-01T14:00+00:00Z,,MAW,B10,2322
2022-01-01T14:00+00:00Z,2022-01-01T15:00+00:00Z,,MAW,B10,2012
2022-01-01T15:00+00:00Z,2022-01-01T16:00+00:00Z,,MAW,B10,1108
2022-01-01T16:00+00:00Z,2022-01-01T17:00+00:00Z,,MAW,B10,515
2022-01-01T17:00+00:00Z,2022-01-01T18:00+00:00Z,,MAW,B10,514
2022-01-01T18:00+00:00Z,2022-01-01T19:00+00:00Z,,MAW,B10,364
2022-01-01T19:00+00:00Z,2022-01-01T20:00+00:00Z,,MAW,B10,362
2022-01-01T20:00+00:00Z,2022-01-01T21:00+00:00Z,,MAW,B10,374
2022-01-01T21:00+00:00Z,2022-01-01T22:00+00:00Z,,MAW,B10,416
2022-01-01T22:00+00:00Z,2022-01-01T23:00+00:00Z,,MAW,B10,1253
2022-01-01T23:00+00:00Z,2022-01-02T00:00+00:00Z,,MAW,B10,1368
2022-01-02T00:00+00:00Z,2022-01-02T01:00+00:00Z,,MAW,B10,1734
2022-01-02T01:00+00:00Z,2022-01-02T02:00+00:00Z,,MAW,B10,1985
2022-01-02T02:00+00:00Z,2022-01-02T03:00+00:00Z,,MAW,B10,2087
2022-01-02T03:00+00:00Z,2022-01-02T04:00+00:00Z,,MAW,B10,1904
2022-01-02T04:00+00:00Z,2022-01-02T05:00+00:00Z,,MAW,B10,1514
2022-01-02T05:00+00:00Z,2022-01-02T06:00+00:00Z,,MAW,B10,1290
2022-01-02T06:00+00:00Z,2022-01-02T07:00+00:00Z,,MAW,B10,1291
2022-01-02T07:00+00:00Z,2022-01-02T08:00+00:00Z,,MAW,B10,1283
2022-01-02T08:00+00:00Z,2022-01-02T09:00+00:00Z,,MAW,B10,1339
2022-01-02T09:00+00:00Z,2022-01-02T10:00+00:00Z,,MAW,B10,1398
2022-01-02T10:00+00:00Z,2022-01-02T11:00+00:00Z,,MAW,B10,1483
2022-01-02T11:00+00:00Z,2022-01-02T12:00+00:00Z,,MAW,B10,1342
2022-01-02T12:00+00:00Z,2022-01-02T13:00+00:00Z,,MAW,B10,1337
2022-01-02T13:00+00:00Z,2022-01-02T14:00+00:00Z,,MAW,B10,1359
2022-01-02T14:00+00:00Z,2022-01-02T15:00+00:00Z,,MAW,B10,1249
2022-01-02T15:00+00:00Z,2022-01-02T16:00+00:00Z,,MAW,B10,589
2022-01-02T16:00+00:00Z,2022-01-02T17:00+00:00Z,,MAW,B10,419
2022-01-02T17:00+00:00Z,2022-01-02T18:00+00:00Z,,MAW,B10,420
2022-01-02T18:00+00:00Z,2022-01-02T19:00+00:00Z,,MAW,B10,312
2022-01-02T19:00+00:00Z,2022-01-02T20:00+00:00Z,,MAW,B10,201
2022-01-02T20:00+00:00Z,2022-01-02T21:00+00:00Z,,MAW,B10,201
2022-01-02T21:00+00:00Z,2022-01-02T22:00+00:00Z,,MAW,B10,226
2022-01-02T22:00+00:00Z,2022-01-02T23:00+00:00Z,,MAW,B10,546
2022-01-02T23:00+00:00Z,2022-01-03T00:00+00:00Z,,MAW,B10,868
2022-01-03T00:00+00:00Z,2022-01-03T01:00+00:00Z,,MAW,B10,1241
2022-01-03T01:00+00:00Z,2022-01-03T02:00+00:00Z,,MAW,B10,1690
2022-01-03T02:00+00:00Z,2022-01-03T03:00+00:00Z,,MAW,B10,2038
2022-01-03T03:00+00:00Z,2022-01-03T04:00+00:00Z,,MAW,B10,1605
2022-01-03T04:00+00:00Z,2022-01-03T05:00+00:00Z,,MAW,B10,883
2022-01-03T05:00+00:00Z,2022-01-03T06:00+00:00Z,,MAW,B10,424
2022-01-03T06:00+00:00Z,2022-01-03T07:00+00:00Z,,MAW,B10,363
2022-01-03T07:00+00:00Z,2022-01-03T08:00+00:00Z,,MAW,B10,405
2022-01-03T08:00+00:00Z,2022-01-03T09:00+00:00Z,,MAW,B10,688
2022-01-03T09:00+00:00Z,2022-01-03T10:00+00:00Z,,MAW,B10,870
2022-01-03T10:00+00:00Z,2022-01-03T11:00+00:00Z,,MAW,B10,1358
2022-01-03T11:00+00:00Z,2022-01-03T12:00+00:00Z,,MAW,B10,1765
2022-01-03T12:00+00:00Z,2022-01-03T13:00+00:00Z,,MAW,B10,1648
2022-01-03T13:00+00:00Z,2022-01-03T14:00+00:00Z,,MAW,B10,1731
2022-01-03T14:00+00:00Z,2022-01-03T15:00+00:00Z,,MAW,B10,1411
2022-01-03T15:00+00:00Z,2022-01-03T16:00+00:00Z,,MAW,B10,1084
2022-01-03T16:00+00:00Z,2022-01-03T17:00+00:00Z,,MAW,B10,363
2022-01-03T17:00+00:00Z,2022-01-03T18:00+00:00Z,,MAW,B10,363
2022-01-03T18:00+00:00Z,2022-01-03T19:00+00:00Z,,MAW,B10,363
2022-01-03T19:00+00:00Z,2022-01-03T20:00+00:00Z,,MAW,B10,363
2022-01-03T20:00+00:00Z,2022-01-03T21:00+00:00Z,,MAW,B10,430
2022-01-03T21:00+00:00Z,2022-01-03T22:00+00:00Z,,MAW,B10,561
2022-01-03T22:00+00:00Z,2022-01-03T23:00+00:00Z,,MAW,B10,1025
2022-01-03T23:00+00:00Z,2022-01-04T00:00+00:00Z,,MAW,B10,1859
2022-01-04T00:00+00:00Z,2022-01-04T01:00+00:00Z,,MAW,B10,3153
2022-01-04T01:00+00:00Z,2022-01-04T02:00+00:00Z,,MAW,B10,3882
2022-01-04T02:00+00:00Z,2022-01-04T03:00+00:00Z,,MAW,B10,3909
2022-01-04T03:00+00:00Z,2022-01-04T04:00+00:00Z,,MAW,B10,3152
2022-01-04T04:00+00:00Z,2022-01-04T05:00+00:00Z,,MAW,B10,1627
2022-01-04T05:00+00:00Z,2022-01-04T06:00+00:00Z,,MAW,B10,988
2022-01-04T06:00+00:00Z,2022-01-04T07:00+00:00Z,,MAW,B10,985
2022-01-04T07:00+00:00Z,2022-01-04T08:00+00:00Z,,MAW,B10,986
2022-01-04T08:00+00:00Z,2022-01-04T09:00+00:00Z,,MAW,B10,984
2022-01-04T09:00+00:00Z,2022-01-04T10:00+00:00Z,,MAW,B10,984
2022-01-04T10:00+00:00Z,2022-01-04T11:00+00:00Z,,MAW,B10,864
2022-01-04T11:00+00:00Z,2022-01-04T12:00+00:00Z,,MAW,B10,852
2022-01-04T12:00+00:00Z,2022-01-04T13:00+00:00Z,,MAW,B10,958
2022-01-04T13:00+00:00Z,2022-01-04T14:00+00:00Z,,MAW,B10,985
2022-01-04T14:00+00:00Z,2022-01-04T15:00+00:00Z,,MAW,B10,984
2022-01-04T15:00+00:00Z,2022-01-04T16:00+00:00Z,,MAW,B10,620
2022-01-04T16:00+00:00Z,2022-01-04T17:00+00:00Z,,MAW,B10,0
2022-01-04T17:00+00:00Z,2022-01-04T18:00+00:00Z,,MAW,B10,140
2022-01-04T18:00+00:00Z,2022-01-04T19:00+00:00Z,,MAW,B10,737
2022-01-04T19:00+00:00Z,2022-01-04T20:00+00:00Z,,MAW,B10,851
2022-01-04T20:00+00:00Z,2022-01-04T21:00+00:00Z,,MAW,B10,851
2022-01-04T21:00+00:00Z,2022-01-04T22:00+00:00Z,,MAW,B10,852
2022-01-04T22:00+00:00Z,2022-01-04T23:00+00:00Z,,MAW,B10,1357
2022-01-04T23:00+00:00Z,2022-01-05T00:00+00:00Z,,MAW,B10,2376
2022-01-05T00:00+00:00Z,2022-01-05T01:00+00:00Z,,MAW,B10,2675
2022-01-05T01:00+00:00Z,2022-01-05T02:00+00:00Z,,MAW,B10,2916
2022-01-05T02:00+00:00Z,2022-01-05T03:00+00:00Z,,MAW,B10,2960
2022-01-05T03:00+00:00Z,2022-01-05T04:00+00:00Z,,MAW,B10,2525
2022-01-05T04:00+00:00Z,2022-01-05T05:00+00:00Z,,MAW,B10,477
2022-01-05T05:00+00:00Z,2022-01-05T06:00+00:00Z,,MAW,B10,337
2022-01-05T06:00+00:00Z,2022-01-05T07:00+00:00Z,,MAW,B10,302
2022-01-05T07:00+00:00Z,2022-01-05T08:00+00:00Z,,MAW,B10,208
2022-01-05T08:00+00:00Z,2022-01-05T09:00+00:00Z,,MAW,B10,670
2022-01-05T09:00+00:00Z,2022-01-05T10:00+00:00Z,,MAW,B10,437
2022-01-05T10:00+00:00Z,2022-01-05T11:00+00:00Z,,MAW,B10,865
2022-01-05T11:00+00:00Z,2022-01-05T12:00+00:00Z,,MAW,B10,1417
2022-01-05T12:00+00:00Z,2022-01-05T13:00+00:00Z,,MAW,B10,1665
2022-01-05T13:00+00:00Z,2022-01-05T14:00+00:00Z,,MAW,B10,1548
2022-01-05T14:00+00:00Z,2022-01-05T15:00+00:00Z,,MAW,B10,974
2022-01-05T15:00+00:00Z,2022-01-05T16:00+00:00Z,,MAW,B10,615
2022-01-05T16:00+00:00Z,2022-01-05T17:00+00:00Z,,MAW,B10,0
2022-01-05T17:00+00:00Z,2022-01-05T18:00+00:00Z,,MAW,B10,0
2022-01-05T18:00+00:00Z,2022-01-05T19:00+00:00Z,,MAW,B10,14
2022-01-05T19:00+00:00Z,2022-01-05T20:00+00:00Z,,MAW,B10,412
2022-01-05T20:00+00:00Z,2022-01-05T21:00+00:00Z,,MAW,B10,700
2022-01-05T21:00+00:00Z,2022-01-05T22:00+00:00Z,,MAW,B10,828
2022-01-05T22:00+00:00Z,2022-01-05T23:00+00:00Z,,MAW,B10,894
2022-01-05T23:00+00:00Z,2022-01-06T00:00+00:00Z,,MAW,B10,956
2022-01-06T00:00+00:00Z,2022-01-06T01:00+00:00Z,,MAW,B10,1522
2022-01-06T01:00+00:00Z,2022-01-06T02:00+00:00Z,,MAW,B10,2557
2022-01-06T02:00+00:00Z,2022-01-06T03:00+00:00Z,,MAW,B10,2838
2022-01-06T03:00+00:00Z,2022-01-06T04:00+00:00Z,,MAW,B10,2122
2022-01-06T04:00+00:00Z,2022-01-06T05:00+00:00Z,,MAW,B10,924
2022-01-06T05:00+00:00Z,2022-01-06T06:00+00:00Z,,MAW,B10,415
2022-01-06T06:00+00:00Z,2022-01-06T07:00+00:00Z,,MAW,B10,283
2022-01-06T07:00+00:00Z,2022-01-06T08:00+00:00Z,,MAW,B10,0
2022-01-06T08:00+00:00Z,2022-01-06T09:00+00:00Z,,MAW,B10,0
2022-01-06T09:00+00:00Z,2022-01-06T10:00+00:00Z,,MAW,B10,74
2022-01-06T10:00+00:00Z,2022-01-06T11:00+00:00Z,,MAW,B10,499
2022-01-06T11:00+00:00Z,2022-01-06T12:00+00:00Z,,MAW,B10,778
2022-01-06T12:00+00:00Z,2022-01-06T13:00+00:00Z,,MAW,B10,1456
2022-01-06T13:00+00:00Z,2022-01-06T14:00+00:00Z,,MAW,B10,1818
2022-01-06T14:00+00:00Z,2022-01-06T15:00+00:00Z,,MAW,B10,1646
2022-01-06T15:00+00:00Z,2022-01-06T16:00+00:00Z,,MAW,B10,743
2022-01-06T16:00+00:00Z,2022-01-06T17:00+00:00Z,,MAW,B10,10
2022-01-06T17:00+00:00Z,2022-01-06T18:00+00:00Z,,MAW,B10,0
2022-01-06T18:00+00:00Z,2022-01-06T19:00+00:00Z,,MAW,B10,0
2022-01-06T19:00+00:00Z,2022-01-06T20:00+00:00Z,,MAW,B10,0
2022-01-06T20:00+00:00Z,2022-01-06T21:00+00:00Z,,MAW,B10,0
2022-01-06T21:00+00:00Z,2022-01-06T22:00+00:00Z,,MAW,B10,28
2022-01-06T22:00+00:00Z,2022-01-06T23:00+00:00Z,,MAW,B10,354
2022-01-06T23:00+00:00Z,2022-01-07T00:00+00:00Z,,MAW,B10,940
2022-01-07T00:00+00:00Z,2022-01-07T01:00+00:00Z,,MAW,B10,1646
2022-01-07T01:00+00:00Z,2022-01-07T02:00+00:00Z,,MAW,B10,2879
2022-01-07T02:00+00:00Z,2022-01-07T03:00+00:00Z,,MAW,B10,3229
2022-01-07T03:00+00:00Z,2022-01-07T04:00+00:00Z,,MAW,B10,2921
2022-01-07T04:00+00:00Z,2022-01-07T05:00+00:00Z,,MAW,B10,1817
2022-01-07T05:00+00:00Z,2022-01-07T06:00+00:00Z,,MAW,B10,139
2022-01-07T06:00+00:00Z,2022-01-07T07:00+00:00Z,,MAW,B10,0
2022-01-07T07:00+00:00Z,2022-01-07T08:00+00:00Z,,MAW,B10,0
2022-01-07T08:00+00:00Z,2022-01-07T09:00+00:00Z,,MAW,B10,0
2022-01-07T09:00+00:00Z,2022-01-07T10:00+00:00Z,,MAW,B10,23
2022-01-07T10:00+00:00Z,2022-01-07T11:00+00:00Z,,MAW,B10,146
2022-01-07T11:00+00:00Z,2022-01-07T12:00+00:00Z,,MAW,B10,77
2022-01-07T12:00+00:00Z,2022-01-07T13:00+00:00Z,,MAW,B10,0
2022-01-07T13:00+00:00Z,2022-01-07T14:00+00:00Z,,MAW,B10,64
2022-01-07T14:00+00:00Z,2022-01-07T15:00+00:00Z,,MAW,B10,70
2022-01-07T15:00+00:00Z,2022-01-07T16:00+00:00Z,,MAW,B10,0
2022-01-07T16:00+00:00Z,2022-01-07T17:00+00:00Z,,MAW,B10,0
2022-01-07T17:00+00:00Z,2022-01-07T18:00+00:00Z,,MAW,B10,0
2022-01-07T18:00+00:00Z,2022-01-07T19:00+00:00Z,,MAW,B10,0
2022-01-07T19:00+00:00Z,2022-01-07T20:00+00:00Z,,MAW,B10,0
2022-01-07T20:00+00:00Z,2022-01-07T21:00+00:00Z,,MAW,B10,0
2022-01-07T21:00+00:00Z,2022-01-07T22:00+00:00Z,,MAW,B10,0
2022-01-07T22:00+00:00Z,2022-01-07T23:00+00:00Z,,MAW,B10,118
2022-01-07T23:00+00:00Z,2022-01-08T00:00+00:00Z,,MAW,B10,0
2022-01-08T00:00+00:00Z,2022-01-08T01:00+00:00Z,,MAW,B10,236
2022-01-08T01:00+00:00Z,2022-01-08T02:00+00:00Z,,MAW,B10,571
2022-01-08T02:00+00:00Z,2022-01-08T03:00+00:00Z,,MAW,B10,845
2022-01-08T03:00+00:00Z,2022-01-08T04:00+00:00Z,,MAW,B10,1377
2022-01-08T04:00+00:00Z,2022-01-08T05:00+00:00Z,,MAW,B10,900
2022-01-08T05:00+00:00Z,2022-01-08T06:00+00:00Z,,MAW,B10,127
2022-01-08T06:00+00:00Z,2022-01-08T07:00+00:00Z,,MAW,B10,0
2022-01-08T07:00+00:00Z,2022-01-08T08:00+00:00Z,,MAW,B10,0
2022-01-08T08:00+00:00Z,2022-01-08T09:00+00:00Z,,MAW,B10,0
2022-01-08T09:00+00:00Z,2022-01-08T10:00+00:00Z,,MAW,B10,62
2022-01-08T10:00+00:00Z,2022-01-08T11:00+00:00Z,,MAW,B10,270
2022-01-08T11:00+00:00Z,2022-01-08T12:00+00:00Z,,MAW,B10,1128
2022-01-08T12:00+00:00Z,2022-01-08T13:00+00:00Z,,MAW,B10,1442
2022-01-08T13:00+00:00Z,2022-01-08T14:00+00:00Z,,MAW,B10,1594
2022-01-08T14:00+00:00Z,2022-01-08T15:00+00:00Z,,MAW,B10,1154
2022-01-08T15:00+00:00Z,2022-01-08T16:00+00:00Z,,MAW,B10,309
2022-01-08T16:00+00:00Z,2022-01-08T17:00+00:00Z,,MAW,B10,5
2022-01-08T17:00+00:00Z,2022-01-08T18:00+00:00Z,,MAW,B10,0
2022-01-08T18:00+00:00Z,2022-01-08T19:00+00:00Z,,MAW,B10,0
2022-01-08T19:00+00:00Z,2022-01-08T20:00+00:00Z,,MAW,B10,5
2022-01-08T20:00+00:00Z,2022-01-08T21:00+00:00Z,,MAW,B10,92
2022-01-08T21:00+00:00Z,2022-01-08T22:00+00:00Z,,MAW,B10,493
2022-01-08T22:00+00:00Z,2022-01-08T23:00+00:00Z,,MAW,B10,2569
2022-01-08T23:00+00:00Z,2022-01-09T00:00+00:00Z,,MAW,B10,3103
2022-01-09T00:00+00:00Z,2022-01-09T01:00+00:00Z,,MAW,B10,3198
2022-01-09T01:00+00:00Z,2022-01-09T02:00+00:00Z,,MAW,B10,3657
2022-01-09T02:00+00:00Z,2022-01-09T03:00+00:00Z,,MAW,B10,3869
2022-01-09T03:00+00:00Z,2022-01-09T04:00+00:00Z,,MAW,B10,3819
2022-01-09T04:00+00:00Z,2022-01-09T05:00+00:00Z,,MAW,B10,3506
2022-01-09T05:00+00:00Z,2022-01-09T06:00+00:00Z,,MAW,B10,2907
2022-01-09T06:00+00:00Z,2022-01-09T07:00+00:00Z,,MAW,B10,2605
2022-01-09T07:00+00:00Z,2022-01-09T08:00+00:00Z,,MAW,B10,2153
2022-01-09T08:00+00:00Z,2022-01-09T09:00+00:00Z,,MAW,B10,1968
2022-01-09T09:00+00:00Z,2022-01-09T10:00+00:00Z,,MAW,B10,1401
2022-01-09T10:00+00:00Z,2022-01-09T11:00+00:00Z,,MAW,B10,1173
2022-01-09T11:00+00:00Z,2022-01-09T12:00+00:00Z,,MAW,B10,1788
2022-01-09T12:00+00:00Z,2022-01-09T13:00+00:00Z,,MAW,B10,2105
2022-01-09T13:00+00:00Z,2022-01-09T14:00+00:00Z,,MAW,B10,2884
2022-01-09T14:00+00:00Z,2022-01-09T15:00+00:00Z,,MAW,B10,3030
2022-01-09T15:00+00:00Z,2022-01-09T16:00+00:00Z,,MAW,B10,1848
2022-01-09T16:00+00:00Z,2022-01-09T17:00+00:00Z,,MAW,B10,129
2022-01-09T17:00+00:00Z,2022-01-09T18:00+00:00Z,,MAW,B10,0
2022-01-09T18:00+00:00Z,2022-01-09T19:00+00:00Z,,MAW,B10,0
2022-01-09T19:00+00:00Z,2022-01-09T20:00+00:00Z,,MAW,B10,0
2022-01-09T20:00+00:00Z,2022-01-09T21:00+00:00Z,,MAW,B10,9
2022-01-09T21:00+00:00Z,2022-01-09T22:00+00:00Z,,MAW,B10,318
2022-01-09T22:00+00:00Z,2022-01-09T23:00+00:00Z,,MAW,B10,1629
2022-01-09T23:00+00:00Z,2022-01-10T00:00+00:00Z,,MAW,B10,2401
2022-01-10T00:00+00:00Z,2022-01-10T01:00+00:00Z,,MAW,B10,3446
2022-01-10T01:00+00:00Z,2022-01-10T02:00+00:00Z,,MAW,B10,3478
2022-01-10T02:00+00:00Z,2022-01-10T03:00+00:00Z,,MAW,B10,2812
2022-01-10T03:00+00:00Z,2022-01-10T04:00+00:00Z,,MAW,B10,2225
2022-01-10T04:00+00:00Z,2022-01-10T05:00+00:00Z,,MAW,B10,722
2022-01-10T05:00+00:00Z,2022-01-10T06:00+00:00Z,,MAW,B10,10
2022-01-10T06:00+00:00Z,2022-01-10T07:00+00:00Z,,MAW,B10,0
2022-01-10T07:00+00:00Z,2022-01-10T08:00+00:00Z,,MAW,B10,0
2022-01-10T08:00+00:00Z,2022-01-10T09:00+00:00Z,,MAW,B10,0
2022-01-10T09:00+00:00Z,2022-01-10T10:00+00:00Z,,MAW,B10,0
2022-01-10T10:00+00:00Z,2022-01-10T11:00+00:00Z,,MAW,B10,0
2022-01-10T11:00+00:00Z,2022-01-10T12:00+00:00Z,,MAW,B10,0
2022-01-10T12:00+00:00Z,2022-01-10T13:00+00:00Z,,MAW,B10,0
2022-01-10T13:00+00:00Z,2022-01-10T14:00+00:00Z,,MAW,B10,0
2022-01-10T14:00+00:00Z,2022-01-10T15:00+00:00Z,,MAW,B10,0
2022-01-10T15:00+00:00Z,2022-01-10T16:00+00:00Z,,MAW,B10,0
2022-01-10T16:00+00:00Z,2022-01-10T17:00+00:00Z,,MAW,B10,0
2022-01-10T17:00+00:00Z,2022-01-10T18:00+00:00Z,,MAW,B10,0
2022-01-10T18:00+00:00Z,2022-01-10T19:00+00:00Z,,MAW,B10,0
2022-01-10T19:00+00:00Z,2022-01-10T20:00+00:00Z,,MAW,B10,0
2022-01-10T20:00+00:00Z,2022-01-10T21:00+00:00Z,,MAW,B10,89
2022-01-10T21:00+00:00Z,2022-01-10T22:00+00:00Z,,MAW,B10,793
2022-01-10T22:00+00:00Z,2022-01-10T23:00+00:00Z,,MAW,B10,402
2022-01-10T23:00+00:00Z,2022-01-11T00:00+00:00Z,,MAW,B10,1013
2022-01-11T00:00+00:00Z,2022-01-11T01:00+00:00Z,,MAW,B10,1570
2022-01-11T01:00+00:00Z,2022-01-11T02:00+00:00Z,,MAW,B10,1420
2022-01-11T02:00+00:00Z,2022-01-11T03:00+00:00Z,,MAW,B10,1332
2022-01-11T03:00+00:00Z,2022-01-11T04:00+00:00Z,,MAW,B10,966
2022-01-11T04:00+00:00Z,2022-01-11T05:00+00:00Z,,MAW,B10,110
2022-01-11T05:00+00:00Z,2022-01-11T06:00+00:00Z,,MAW,B10,0
2022-01-11T06:00+00:00Z,2022-01-11T07:00+00:00Z,,MAW,B10,0
2022-01-11T07:00+00:00Z,2022-01-11T08:00+00:00Z,,MAW,B10,0
2022-01-11T08:00+00:00Z,2022-01-11T09:00+00:00Z,,MAW,B10,0
2022-01-11T09:00+00:00Z,2022-01-11T10:00+00:00Z,,MAW,B10,0
2022-01-11T10:00+00:00Z,2022-01-11T11:00+00:00Z,,MAW,B10,297
2022-01-11T11:00+00:00Z,2022-01-11T12:00+00:00Z,,MAW,B10,833
2022-01-11T12:00+00:00Z,2022-01-11T13:00+00:00Z,,MAW,B10,1002
2022-01-11T13:00+00:00Z,2022-01-11T14:00+00:00Z,,MAW,B10,1583
2022-01-11T14:00+00:00Z,2022-01-11T15:00+00:00Z,,MAW,B10,1502
2022-01-11T15:00+00:00Z,2022-01-11T16:00+00:00Z,,MAW,B10,599
2022-01-11T16:00+00:00Z,2022-01-11T17:00+00:00Z,,MAW,B10,323
2022-01-11T17:00+00:00Z,2022-01-11T18:00+00:00Z,,MAW,B10,35
2022-01-11T18:00+00:00Z,2022-01-11T19:00+00:00Z,,MAW,B10,0
2022-01-11T19:00+00:00Z,2022-01-11T20:00+00:00Z,,MAW,B10,0
2022-01-11T20:00+00:00Z,2022-01-11T21:00+00:00Z,,MAW,B10,71
2022-01-11T21:00+00:00Z,2022-01-11T22:00+00:00Z,,MAW,B10,761
2022-01-11T22:00+00:00Z,2022-01-11T23:00+00:00Z,,MAW,B10,1363
2022-01-11T23:00+00:00Z,2022-01-12T00:00+00:00Z,,MAW,B10,1727
2022-01-12T00:00+00:00Z,2022-01-12T01:00+00:00Z,,MAW,B10,1805
2022-01-12T01:00+00:00Z,2022-01-12T02:00+00:00Z,,MAW,B10,2113
2022-01-12T02:00+00:00Z,2022-01-12T03:00+00:00Z,,MAW,B10,2445
2022-01-12T03:00+00:00Z,2022-01-12T04:00+00:00Z,,MAW,B10,2576
2022-01-12T04:00+00:00Z,2022-01-12T05:00+00:00Z,,MAW,B10,2262
2022-01-12T05:00+00:00Z,2022-01-12T06:00+00:00Z,,MAW,B10,587
2022-01-12T06:00+00:00Z,2022-01-12T07:00+00:00Z,,MAW,B10,9
2022-01-12T07:00+00:00Z,2022-01-12T08:00+00:00Z,,MAW,B10,53
2022-01-12T08:00+00:00Z,2022-01-12T09:00+00:00Z,,MAW,B10,1179
2022-01-12T09:00+00:00Z,2022-01-12T10:00+00:00Z,,MAW,B10,1716
2022-01-12T10:00+00:00Z,2022-01-12T11:00+00:00Z,,MAW,B10,1823
2022-01-12T11:00+00:00Z,2022-01-12T12:00+00:00Z,,MAW,B10,1941
2022-01-12T12:00+00:00Z,2022-01-12T13:00+00:00Z,,MAW,B10,1949
2022-01-12T13:00+00:00Z,2022-01-12T14:00+00:00Z,,MAW,B10,2264
2022-01-12T14:00+00:00Z,2022-01-12T15:00+00:00Z,,MAW,B10,2357
2022-01-12T15:00+00:00Z,2022-01-12T16:00+00:00Z,,MAW,B10,933
2022-01-12T16:00+00:00Z,2022-01-12T17:00+00:00Z,,MAW,B10,276
2022-01-12T17:00+00:00Z,2022-01-12T18:00+00:00Z,,MAW,B10,112
2022-01-12T18:00+00:00Z,2022-01-12T19:00+00:00Z,,MAW,B10,1
2022-01-12T19:00+00:00Z,2022-01-12T20:00+00:00Z,,MAW,B10,182
2022-01-12T20:00+00:00Z,2022-01-12T21:00+00:00Z,,MAW,B10,485
2022-01-12T21:00+00:00Z,2022-01-12T22:00+00:00Z,,MAW,B10,557
2022-01-12T22:00+00:00Z,2022-01-12T23:00+00:00Z,,MAW,B10,430
2022-01-12T23:00+00:00Z,2022-01-13T00:00+00:00Z,,MAW,B10,375
2022-01-13T00:00+00:00Z,2022-01-13T01:00+00:00Z,,MAW,B10,436
2022-01-13T01:00+00:00Z,2022-01-13T02:00+00:00Z,,MAW,B10,899
2022-01-13T02:00+00:00Z,2022-01-13T03:00+00:00Z,,MAW,B10,942
2022-01-13T03:00+00:00Z,2022-01-13T04:00+00:00Z,,MAW,B10,679
2022-01-13T04:00+00:00Z,2022-01-13T05:00+00:00Z,,MAW,B10,433
2022-01-13T05:00+00:00Z,2022-01-13T06:00+00:00Z,,MAW,B10,80
2022-01-13T06:00+00:00Z,2022-01-13T07:00+00:00Z,,MAW,B10,68
2022-01-13T07:00+00:00Z,2022-01-13T08:00+00:00Z,,MAW,B10,50
2022-01-13T08:00+00:00Z,2022-01-13T09:00+00:00Z,,MAW,B10,146
2022-01-13T09:00+00:00Z,2022-01-13T10:00+00:00Z,,MAW,B10,300
2022-01-13T10:00+00:00Z,2022-01-13T11:00+00:00Z,,MAW,B10,168
2022-01-13T11:00+00:00Z,2022-01-13T12:00+00:00Z,,MAW,B10,250
2022-01-13T12:00+00:00Z,2022-01-13T13:00+00:00Z,,MAW,B10,284
2022-01-13T13:00+00:00Z,2022-01-13T14:00+00:00Z,,MAW,B10,201
2022-01-13T14:00+00:00Z,2022-01-13T15:00+00:00Z,,MAW,B10,117
2022-01-13T15:00+00:00Z,2022-01-13T16:00+00:00Z,,MAW,B10,67
2022-01-13T16:00+00:00Z,2022-01-13T17:00+00:00Z,,MAW,B10,53
2022-01-13T17:00+00:00Z,2022-01-13T18:00+00:00Z,,MAW,B10,1
2022-01-13T18:00+00:00Z,2022-01-13T19:00+00:00Z,,MAW,B10,1
2022-01-13T19:00+00:00Z,2022-01-13T20:00+00:00Z,,MAW,B10,1
2022-01-13T20:00+00:00Z,2022-01-13T21:00+00:00Z,,MAW,B10,1
2022-01-13T21:00+00:00Z,2022-01-13T22:00+00:00Z,,MAW,B10,1
2022-01-13T22:00+00:00Z,2022-01-13T23:00+00:00Z,,MAW,B10,115
2022-01-13T23:00+00:00Z,2022-01-14T00:00+00:00Z,,MAW,B10,242
2022-01-14T00:00+00:00Z,2022-01-14T01:00+00:00Z,,MAW,B10,291
2022-01-14T01:00+00:00Z,2022-01-14T02:00+00:00Z,,MAW,B10,319
2022-01-14T02:00+00:00Z,2022-01-14T03:00+00:00Z,,MAW,B10,454
2022-01-14T03:00+00:00Z,2022-01-14T04:00+00:00Z,,MAW,B10,378
2022-01-14T04:00+00:00Z,2022-01-14T05:00+00:00Z,,MAW,B10,222
2022-01-14T05:00+00:00Z,2022-01-14T06:00+00:00Z,,MAW,B10,237
2022-01-14T06:00+00:00Z,2022-01-14T07:00+00:00Z,,MAW,B10,9
2022-01-14T07:00+00:00Z,2022-01-14T08:00+00:00Z,,MAW,B10,1
2022-01-14T08:00+00:00Z,2022-01-14T09:00+00:00Z,,MAW,B10,1
2022-01-14T09:00+00:00Z,2022-01-14T10:00+00:00Z,,MAW,B10,53
2022-01-14T10:00+00:00Z,2022-01-14T11:00+00:00Z,,MAW,B10,6
2022-01-14T11:00+00:00Z,2022-01-14T12:00+00:00Z,,MAW,B10,1
2022-01-14T12:00+00:00Z,2022-01-14T13:00+00:00Z,,MAW,B10,1
2022-01-14T13:00+00:00Z,2022-01-14T14:00+00:00Z,,MAW,B10,1
2022-01-14T14:00+00:00Z,2022-01-14T15:00+00:00Z,,MAW,B10,1
2022-01-14T15:00+00:00Z,2022-01-14T16:00+00:00Z,,MAW,B10,1
2022-01-14T16:00+00:00Z,2022-01-14T17:00+00:00Z,,MAW,B10,1
2022-01-14T17:00+00:00Z,2022-01-14T18:00+00:00Z,,MAW,B10,1
2022-01-14T18:00+00:00Z,2022-01-14T19:00+00:00Z,,MAW,B10,1
2022-01-14T19:00+00:00Z,2022-01-14T20:00+00:00Z,,MAW,B10,1
2022-01-14T20:00+00:00Z,2022-01-14T21:00+00:00Z,,MAW,B10,1
2022-01-14T21:00+00:00Z,2022-01-14T22:00+00:00Z,,MAW,B10,1
2022-01-14T22:00+00:00Z,2022-01-14T23:00+00:00Z,,MAW,B10,1
2022-01-14T23:00+00:00Z,2022-01-15T00:00+00:00Z,,MAW,B10,1
2022-01-15T00:00+00:00Z,2022-01-15T01:00+00:00Z,,MAW,B10,162
2022-01-15T01:00+00:00Z,2022-01-15T02:00+00:00Z,,MAW,B10,413
2022-01-15T02:00+00:00Z,2022-01-15T03:00+00:00Z,,MAW,B10,413
2022-01-15T03:00+00:00Z,2022-01-15T04:00+00:00Z,,MAW,B10,412
2022-01-15T04:00+00:00Z,2022-01-15T05:00+00:00Z,,MAW,B10,412
2022-01-15T05:00+00:00Z,2022-01-15T06:00+00:00Z,,MAW,B10,302
2022-01-15T06:00+00:00Z,2022-01-15T07:00+00:00Z,,MAW,B10,1
2022-01-15T07:00+00:00Z,2022-01-15T08:00+00:00Z,,MAW,B10,1
2022-01-15T08:00+00:00Z,2022-01-15T09:00+00:00Z,,MAW,B10,1
2022-01-15T09:00+00:00Z,2022-01-15T10:00+00:00Z,,MAW,B10,1
2022-01-15T10:00+00:00Z,2022-01-15T11:00+00:00Z,,MAW,B10,1
2022-01-15T11:00+00:00Z,2022-01-15T12:00+00:00Z,,MAW,B10,1
2022-01-15T12:00+00:00Z,2022-01-15T13:00+00:00Z,,MAW,B10,1
2022-01-15T13:00+00:00Z,2022-01-15T14:00+00:00Z,,MAW,B10,136
2022-01-15T14:00+00:00Z,2022-01-15T15:00+00:00Z,,MAW,B10,69
2022-01-15T15:00+00:00Z,2022-01-15T16:00+00:00Z,,MAW,B10,6
2022-01-15T16:00+00:00Z,2022-01-15T17:00+00:00Z,,MAW,B10,1
2022-01-15T17:00+00:00Z,2022-01-15T18:00+00:00Z,,MAW,B10,1
2022-01-15T18:00+00:00Z,2022-01-15T19:00+00:00Z,,MAW,B10,1
2022-01-15T19:00+00:00Z,2022-01-15T20:00+00:00Z,,MAW,B10,1
2022-01-15T20:00+00:00Z,2022-01-15T21:00+00:00Z,,MAW,B10,1
2022-01-15T21:00+00:00Z,2022-01-15T22:00+00:00Z,,MAW,B10,62
2022-01-15T22:00+00:00Z,2022-01-15T23:00+00:00Z,,MAW,B10,191
2022-01-15T23:00+00:00Z,2022-01-16T00:00+00:00Z,,MAW,B10,280
2022-01-16T00:00+00:00Z,2022-01-16T01:00+00:00Z,,MAW,B10,443
2022-01-16T01:00+00:00Z,2022-01-16T02:00+00:00Z,,MAW,B10,597
2022-01-16T02:00+00:00Z,2022-01-16T03:00+00:00Z,,MAW,B10,610
2022-01-16T03:00+00:00Z,2022-01-16T04:00+00:00Z,,MAW,B10,612
2022-01-16T04:00+00:00Z,2022-01-16T05:00+00:00Z,,MAW,B10,612
2022-01-16T05:00+00:00Z,2022-01-16T06:00+00:00Z,,MAW,B10,396
2022-01-16T06:00+00:00Z,2022-01-16T07:00+00:00Z,,MAW,B10,247
2022-01-16T07:00+00:00Z,2022-01-16T08:00+00:00Z,,MAW,B10,191
2022-01-16T08:00+00:00Z,2022-01-16T09:00+00:00Z,,MAW,B10,506
2022-01-16T09:00+00:00Z,2022-01-16T10:00+00:00Z,,MAW,B10,22
2022-01-16T10:00+00:00Z,2022-01-16T11:00+00:00Z,,MAW,B10,93
2022-01-16T11:00+00:00Z,2022-01-16T12:00+00:00Z,,MAW,B10,106
2022-01-16T12:00+00:00Z,2022-01-16T13:00+00:00Z,,MAW,B10,256
2022-01-16T13:00+00:00Z,2022-01-16T14:00+00:00Z,,MAW,B10,433
2022-01-16T14:00+00:00Z,2022-01-16T15:00+00:00Z,,MAW,B10,246
2022-01-16T15:00+00:00Z,2022-01-16T16:00+00:00Z,,MAW,B10,131
2022-01-16T16:00+00:00Z,2022-01-16T17:00+00:00Z,,MAW,B10,0
2022-01-16T17:00+00:00Z,2022-01-16T18:00+00:00Z,,MAW,B10,0
2022-01-16T18:00+00:00Z,2022-01-16T19:00+00:00Z,,MAW,B10,0
2022-01-16T19:00+00:00Z,2022-01-16T20:00+00:00Z,,MAW,B10,0
2022-01-16T20:00+00:00Z,2022-01-16T21:00+00:00Z,,MAW,B10,0
2022-01-16T21:00+00:00Z,2022-01-16T22:00+00:00Z,,MAW,B10,0
2022-01-16T22:00+00:00Z,2022-01-16T23:00+00:00Z,,MAW,B10,0
2022-01-16T23:00+00:00Z,2022-01-17T00:00+00:00Z,,MAW,B10,0
2022-01-17T00:00+00:00Z,2022-01-17T01:00+00:00Z,,MAW,B10,101
2022-01-17T01:00+00:00Z,2022-01-17T02:00+00:00Z,,MAW,B10,343
2022-01-17T02:00+00:00Z,2022-01-17T03:00+00:00Z,,MAW,B10,561
2022-01-17T03:00+00:00Z,2022-01-17T04:00+00:00Z,,MAW,B10,425
2022-01-17T04:00+00:00Z,2022-01-17T05:00+00:00Z,,MAW,B10,60
2022-01-17T05:00+00:00Z,2022-01-17T06:00+00:00Z,,MAW,B10,0
2022-01-17T06:00+00:00Z,2022-01-17T07:00+00:00Z,,MAW,B10,0
2022-01-17T07:00+00:00Z,2022-01-17T08:00+00:00Z,,MAW,B10,0
2022-01-17T08:00+00:00Z,2022-01-17T09:00+00:00Z,,MAW,B10,0
2022-01-17T09:00+00:00Z,2022-01-17T10:00+00:00Z,,MAW,B10,0
2022-01-17T10:00+00:00Z,2022-01-17T11:00+00:00Z,,MAW,B10,0
2022-01-17T11:00+00:00Z,2022-01-17T12:00+00:00Z,,MAW,B10,79
2022-01-17T12:00+00:00Z,2022-01-17T13:00+00:00Z,,MAW,B10,2
2022-01-17T13:00+00:00Z,2022-01-17T14:00+00:00Z,,MAW,B10,0
2022-01-17T14:00+00:00Z,2022-01-17T15:00+00:00Z,,MAW,B10,0
2022-01-17T15:00+00:00Z,2022-01-17T16:00+00:00Z,,MAW,B10,0
2022-01-17T16:00+00:00Z,2022-01-17T17:00+00:00Z,,MAW,B10,0
2022-01-17T17:00+00:00Z,2022-01-17T18:00+00:00Z,,MAW,B10,0
2022-01-17T18:00+00:00Z,2022-01-17T19:00+00:00Z,,MAW,B10,0
2022-01-17T19:00+00:00Z,2022-01-17T20:00+00:00Z,,MAW,B10,0
2022-01-17T20:00+00:00Z,2022-01-17T21:00+00:00Z,,MAW,B10,0
2022-01-17T21:00+00:00Z,2022-01-17T22:00+00:00Z,,MAW,B10,0
2022-01-17T22:00+00:00Z,2022-01-17T23:00+00:00Z,,MAW,B10,53
2022-01-17T23:00+00:00Z,2022-01-18T00:00+00:00Z,,MAW,B10,508
2022-01-18T00:00+00:00Z,2022-01-18T01:00+00:00Z,,MAW,B10,927
2022-01-18T01:00+00:00Z,2022-01-18T02:00+00:00Z,,MAW,B10,927
2022-01-18T02:00+00:00Z,2022-01-18T03:00+00:00Z,,MAW,B10,925
2022-01-18T03:00+00:00Z,2022-01-18T04:00+00:00Z,,MAW,B10,905
2022-01-18T04:00+00:00Z,2022-01-18T05:00+00:00Z,,MAW,B10,194
2022-01-18T05:00+00:00Z,2022-01-18T06:00+00:00Z,,MAW,B10,0
2022-01-18T06:00+00:00Z,2022-01-18T07:00+00:00Z,,MAW,B10,0
2022-01-18T07:00+00:00Z,2022-01-18T08:00+00:00Z,,MAW,B10,0
2022-01-18T08:00+00:00Z,2022-01-18T09:00+00:00Z,,MAW,B10,0
2022-01-18T09:00+00:00Z,2022-01-18T10:00+00:00Z,,MAW,B10,0
2022-01-18T10:00+00:00Z,2022-01-18T11:00+00:00Z,,MAW,B10,0
2022-01-18T11:00+00:00Z,2022-01-18T12:00+00:00Z,,MAW,B10,0
2022-01-18T12:00+00:00Z,2022-01-18T13:00+00:00Z,,MAW,B10,0
2022-01-18T13:00+00:00Z,2022-01-18T14:00+00:00Z,,MAW,B10,0
2022-01-18T14:00+00:00Z,2022-01-18T15:00+00:00Z,,MAW,B10,0
2022-01-18T15:00+00:00Z,2022-01-18T16:00+00:00Z,,MAW,B10,0
2022-01-18T16:00+00:00Z,2022-01-18T17:00+00:00Z,,MAW,B10,0
2022-01-18T17:00+00:00Z,2022-01-18T18:00+00:00Z,,MAW,B10,0
2022-01-18T18:00+00:00Z,2022-01-18T19:00+00:00Z,,MAW,B10,0
2022-01-18T19:00+00:00Z,2022-01-18T20:00+00:00Z,,MAW,B10,0
2022-01-18T20:00+00:00Z,2022-01-18T21:00+00:00Z,,MAW,B10,0
2022-01-18T21:00+00:00Z,2022-01-18T22:00+00:00Z,,MAW,B10,0
2022-01-18T22:00+00:00Z,2022-01-18T23:00+00:00Z,,MAW,B10,0
2022-01-18T23:00+00:00Z,2022-01-19T00:00+00:00Z,,MAW,B10,269
2022-01-19T00:00+00:00Z,2022-01-19T01:00+00:00Z,,MAW,B10,332
2022-01-19T01:00+00:00Z,2022-01-19T02:00+00:00Z,,MAW,B10,430
2022-01-19T02:00+00:00Z,2022-01-19T03:00+00:00Z,,MAW,B10,562
2022-01-19T03:00+00:00Z,2022-01-19T04:00+00:00Z,,MAW,B10,648
2022-01-19T04:00+00:00Z,2022-01-19T05:00+00:00Z,,MAW,B10,432
2022-01-19T05:00+00:00Z,2022-01-19T06:00+00:00Z,,MAW,B10,0
2022-01-19T06:00+00:00Z,2022-01-19T07:00+00:00Z,,MAW,B10,0
2022-01-19T07:00+00:00Z,2022-01-19T08:00+00:00Z,,MAW,B10,0
2022-01-19T08:00+00:00Z,2022-01-19T09:00+00:00Z,,MAW,B10,0
2022-01-19T09:00+00:00Z,2022-01-19T10:00+00:00Z,,MAW,B10,0
2022-01-19T10:00+00:00Z,2022-01-19T11:00+00:00Z,,MAW,B10,0
2022-01-19T11:00+00:00Z,2022-01-19T12:00+00:00Z,,MAW,B10,0
2022-01-19T12:00+00:00Z,2022-01-19T13:00+00:00Z,,MAW,B10,10
2022-01-19T13:00+00:00Z,2022-01-19T14:00+00:00Z,,MAW,B10,531
2022-01-19T14:00+00:00Z,2022-01-19T15:00+00:00Z,,MAW,B10,593
2022-01-19T15:00+00:00Z,2022-01-19T16:00+00:00Z,,MAW,B10,138
2022-01-19T16:00+00:00Z,2022-01-19T17:00+00:00Z,,MAW,B10,0
2022-01-19T17:00+00:00Z,2022-01-19T18:00+00:00Z,,MAW,B10,0
2022-01-19T18:00+00:00Z,2022-01-19T19:00+00:00Z,,MAW,B10,0
2022-01-19T19:00+00:00Z,2022-01-19T20:00+00:00Z,,MAW,B10,0
2022-01-19T20:00+00:00Z,2022-01-19T21:00+00:00Z,,MAW,B10,0
2022-01-19T21:00+00:00Z,2022-01-19T22:00+00:00Z,,MAW,B10,0
2022-01-19T22:00+00:00Z,2022-01-19T23:00+00:00Z,,MAW,B10,0
2022-01-19T23:00+00:00Z,2022-01-20T00:00+00:00Z,,MAW,B10,28
2022-01-20T00:00+00:00Z,2022-01-20T01:00+00:00Z,,MAW,B10,372
2022-01-20T01:00+00:00Z,2022-01-20T02:00+00:00Z,,MAW,B10,564
2022-01-20T02:00+00:00Z,2022-01-20T03:00+00:00Z,,MAW,B10,690
2022-01-20T03:00+00:00Z,2022-01-20T04:00+00:00Z,,MAW,B10,623
2022-01-20T04:00+00:00Z,2022-01-20T05:00+00:00Z,,MAW,B10,254
2022-01-20T05:00+00:00Z,2022-01-20T06:00+00:00Z,,MAW,B10,52
2022-01-20T06:00+00:00Z,2022-01-20T07:00+00:00Z,,MAW,B10,0
2022-01-20T07:00+00:00Z,2022-01-20T08:00+00:00Z,,MAW,B10,0
2022-01-20T08:00+00:00Z,2022-01-20T09:00+00:00Z,,MAW,B10,0
2022-01-20T09:00+00:00Z,2022-01-20T10:00+00:00Z,,MAW,B10,0
2022-01-20T10:00+00:00Z,2022-01-20T11:00+00:00Z,,MAW,B10,40
2022-01-20T11:00+00:00Z,2022-01-20T12:00+00:00Z,,MAW,B10,306
2022-01-20T12:00+00:00Z,2022-01-20T13:00+00:00Z,,MAW,B10,301
2022-01-20T13:00+00:00Z,2022-01-20T14:00+00:00Z,,MAW,B10,356
2022-01-20T14:00+00:00Z,2022-01-20T15:00+00:00Z,,MAW,B10,467
2022-01-20T15:00+00:00Z,2022-01-20T16:00+00:00Z,,MAW,B10,354
2022-01-20T16:00+00:00Z,2022-01-20T17:00+00:00Z,,MAW,B10,13
2022-01-20T17:00+00:00Z,2022-01-20T18:00+00:00Z,,MAW,B10,1
2022-01-20T18:00+00:00Z,2022-01-20T19:00+00:00Z,,MAW,B10,1
2022-01-20T19:00+00:00Z,2022-01-20T20:00+00:00Z,,MAW,B10,1
2022-01-20T20:00+00:00Z,2022-01-20T21:00+00:00Z,,MAW,B10,1
2022-01-20T21:00+00:00Z,2022-01-20T22:00+00:00Z,,MAW,B10,1
2022-01-20T22:00+00:00Z,2022-01-20T23:00+00:00Z,,MAW,B10,17
2022-01-20T23:00+00:00Z,2022-01-21T00:00+00:00Z,,MAW,B10,636
2022-01-21T00:00+00:00Z,2022-01-21T01:00+00:00Z,,MAW,B10,1546
2022-01-21T01:00+00:00Z,2022-01-21T02:00+00:00Z,,MAW,B10,1875
2022-01-21T02:00+00:00Z,2022-01-21T03:00+00:00Z,,MAW,B10,1915
2022-01-21T03:00+00:00Z,2022-01-21T04:00+00:00Z,,MAW,B10,1891
2022-01-21T04:00+00:00Z,2022-01-21T05:00+00:00Z,,MAW,B10,1565
2022-01-21T05:00+00:00Z,2022-01-21T06:00+00:00Z,,MAW,B10,282
2022-01-21T06:00+00:00Z,2022-01-21T07:00+00:00Z,,MAW,B10,1
2022-01-21T07:00+00:00Z,2022-01-21T08:00+00:00Z,,MAW,B10,1
2022-01-21T08:00+00:00Z,2022-01-21T09:00+00:00Z,,MAW,B10,1
2022-01-21T09:00+00:00Z,2022-01-21T10:00+00:00Z,,MAW,B10,62
2022-01-21T10:00+00:00Z,2022-01-21T11:00+00:00Z,,MAW,B10,982
2022-01-21T11:00+00:00Z,2022-01-21T12:00+00:00Z,,MAW,B10,900
2022-01-21T12:00+00:00Z,2022-01-21T13:00+00:00Z,,MAW,B10,1285
2022-01-21T13:00+00:00Z,2022-01-21T14:00+00:00Z,,MAW,B10,1541
2022-01-21T14:00+00:00Z,2022-01-21T15:00+00:00Z,,MAW,B10,1429
2022-01-21T15:00+00:00Z,2022-01-21T16:00+00:00Z,,MAW,B10,417
2022-01-21T16:00+00:00Z,2022-01-21T17:00+00:00Z,,MAW,B10,1
2022-01-21T17:00+00:00Z,2022-01-21T18:00+00:00Z,,MAW,B10,1
2022-01-21T18:00+00:00Z,2022-01-21T19:00+00:00Z,,MAW,B10,1
2022-01-21T19:00+00:00Z,2022-01-21T20:00+00:00Z,,MAW,B10,1
2022-01-21T20:00+00:00Z,2022-01-21T21:00+00:00Z,,MAW,B10,297
2022-01-21T21:00+00:00Z,2022-01-21T22:00+00:00Z,,MAW,B10,720
2022-01-21T22:00+00:00Z,2022-01-21T23:00+00:00Z,,MAW,B10,1038
2022-01-21T23:00+00:00Z,2022-01-22T00:00+00:00Z,,MAW,B10,1001
2022-01-22T00:00+00:00Z,2022-01-22T01:00+00:00Z,,MAW,B10,1668
2022-01-22T01:00+00:00Z,2022-01-22T02:00+00:00Z,,MAW,B10,1808
2022-01-22T02:00+00:00Z,2022-01-22T03:00+00:00Z,,MAW,B10,1772
2022-01-22T03:00+00:00Z,2022-01-22T04:00+00:00Z,,MAW,B10,1426
2022-01-22T04:00+00:00Z,2022-01-22T05:00+00:00Z,,MAW,B10,1060
2022-01-22T05:00+00:00Z,2022-01-22T06:00+00:00Z,,MAW,B10,587
2022-01-22T06:00+00:00Z,2022-01-22T07:00+00:00Z,,MAW,B10,350
2022-01-22T07:00+00:00Z,2022-01-22T08:00+00:00Z,,MAW,B10,108
2022-01-22T08:00+00:00Z,2022-01-22T09:00+00:00Z,,MAW,B10,302
2022-01-22T09:00+00:00Z,2022-01-22T10:00+00:00Z,,MAW,B10,307
2022-01-22T10:00+00:00Z,2022-01-22T11:00+00:00Z,,MAW,B10,264
2022-01-22T11:00+00:00Z,2022-01-22T12:00+00:00Z,,MAW,B10,78
2022-01-22T12:00+00:00Z,2022-01-22T13:00+00:00Z,,MAW,B10,57
2022-01-22T13:00+00:00Z,2022-01-22T14:00+00:00Z,,MAW,B10,0
2022-01-22T14:00+00:00Z,2022-01-22T15:00+00:00Z,,MAW,B10,0
2022-01-22T15:00+00:00Z,2022-01-22T16:00+00:00Z,,MAW,B10,0
2022-01-22T16:00+00:00Z,2022-01-22T17:00+00:00Z,,MAW,B10,0
2022-01-22T17:00+00:00Z,2022-01-22T18:00+00:00Z,,MAW,B10,0
2022-01-22T18:00+00:00Z,2022-01-22T19:00+00:00Z,,MAW,B10,0
2022-01-22T19:00+00:00Z,2022-01-22T20:00+00:00Z,,MAW,B10,0
2022-01-22T20:00+00:00Z,2022-01-22T21:00+00:00Z,,MAW,B10,0
2022-01-22T21:00+00:00Z,2022-01-22T22:00+00:00Z,,MAW,B10,0
2022-01-22T22:00+00:00Z,2022-01-22T23:00+00:00Z,,MAW,B10,24
2022-01-22T23:00+00:00Z,2022-01-23T00:00+00:00Z,,MAW,B10,205
2022-01-23T00:00+00:00Z,2022-01-23T01:00+00:00Z,,MAW,B10,248
2022-01-23T01:00+00:00Z,2022-01-23T02:00+00:00Z,,MAW,B10,514
2022-01-23T02:00+00:00Z,2022-01-23T03:00+00:00Z,,MAW,B10,599
2022-01-23T03:00+00:00Z,2022-01-23T04:00+00:00Z,,MAW,B10,598
2022-01-23T04:00+00:00Z,2022-01-23T05:00+00:00Z,,MAW,B10,644
2022-01-23T05:00+00:00Z,2022-01-23T06:00+00:00Z,,MAW,B10,622
2022-01-23T06:00+00:00Z,2022-01-23T07:00+00:00Z,,MAW,B10,213
2022-01-23T07:00+00:00Z,2022-01-23T08:00+00:00Z,,MAW,B10,47
2022-01-23T08:00+00:00Z,2022-01-23T09:00+00:00Z,,MAW,B10,0
2022-01-23T09:00+00:00Z,2022-01-23T10:00+00:00Z,,MAW,B10,0
2022-01-23T10:00+00:00Z,2022-01-23T11:00+00:00Z,,MAW,B10,0
2022-01-23T11:00+00:00Z,2022-01-23T12:00+00:00Z,,MAW,B10,0
2022-01-23T12:00+00:00Z,2022-01-23T13:00+00:00Z,,MAW,B10,0
2022-01-23T13:00+00:00Z,2022-01-23T14:00+00:00Z,,MAW,B10,0
2022-01-23T14:00+00:00Z,2022-01-23T15:00+00:00Z,,MAW,B10,0
2022-01-23T15:00+00:00Z,2022-01-23T16:00+00:00Z,,MAW,B10,0
2022-01-23T16:00+00:00Z,2022-01-23T17:00+00:00Z,,MAW,B10,0
2022-01-23T17:00+00:00Z,2022-01-23T18:00+00:00Z,,MAW,B10,0
2022-01-23T18:00+00:00Z,2022-01-23T19:00+00:00Z,,MAW,B10,0
2022-01-23T19:00+00:00Z,2022-01-23T20:00+00:00Z,,MAW,B10,0
2022-01-23T20:00+00:00Z,2022-01-23T21:00+00:00Z,,MAW,B10,0
2022-01-23T21:00+00:00Z,2022-01-23T22:00+00:00Z,,MAW,B10,0
2022-01-23T22:00+00:00Z,2022-01-23T23:00+00:00Z,,MAW,B10,0
2022-01-23T23:00+00:00Z,2022-01-24T00:00+00:00Z,,MAW,B10,2
2022-01-24T00:00+00:00Z,2022-01-24T01:00+00:00Z,,MAW,B10,51
2022-01-24T01:00+00:00Z,2022-01-24T02:00+00:00Z,,MAW,B10,51
2022-01-24T02:00+00:00Z,2022-01-24T03:00+00:00Z,,MAW,B10,51
2022-01-24T03:00+00:00Z,2022-01-24T04:00+00:00Z,,MAW,B10,51
2022-01-24T04:00+00:00Z,2022-01-24T05:00+00:00Z,,MAW,B10,51
2022-01-24T05:00+00:00Z,2022-01-24T06:00+00:00Z,,MAW,B10,14
2022-01-24T06:00+00:00Z,2022-01-24T07:00+00:00Z,,MAW,B10,0
2022-01-24T07:00+00:00Z,2022-01-24T08:00+00:00Z,,MAW,B10,0
2022-01-24T08:00+00:00Z,2022-01-24T09:00+00:00Z,,MAW,B10,0
2022-01-24T09:00+00:00Z,2022-01-24T10:00+00:00Z,,MAW,B10,0
2022-01-24T10:00+00:00Z,2022-01-24T11:00+00:00Z,,MAW,B10,0
2022-01-24T11:00+00:00Z,2022-01-24T12:00+00:00Z,,MAW,B10,0
2022-01-24T12:00+00:00Z,2022-01-24T13:00+00:00Z,,MAW,B10,0
2022-01-24T13:00+00:00Z,2022-01-24T14:00+00:00Z,,MAW,B10,0
2022-01-24T14:00+00:00Z,2022-01-24T15:00+00:00Z,,MAW,B10,8
2022-01-24T15:00+00:00Z,2022-01-24T16:00+00:00Z,,MAW,B10,0
2022-01-24T16:00+00:00Z,2022-01-24T17:00+00:00Z,,MAW,B10,0
2022-01-24T17:00+00:00Z,2022-01-24T18:00+00:00Z,,MAW,B10,0
2022-01-24T18:00+00:00Z,2022-01-24T19:00+00:00Z,,MAW,B10,0
2022-01-24T19:00+00:00Z,2022-01-24T20:00+00:00Z,,MAW,B10,0
2022-01-24T20:00+00:00Z,2022-01-24T21:00+00:00Z,,MAW,B10,0
2022-01-24T21:00+00:00Z,2022-01-24T22:00+00:00Z,,MAW,B10,0
2022-01-24T22:00+00:00Z,2022-01-24T23:00+00:00Z,,MAW,B10,206
2022-01-24T23:00+00:00Z,2022-01-25T00:00+00:00Z,,MAW,B10,578
2022-01-25T00:00+00:00Z,2022-01-25T01:00+00:00Z,,MAW,B10,577
2022-01-25T01:00+00:00Z,2022-01-25T02:00+00:00Z,,MAW,B10,577
2022-01-25T02:00+00:00Z,2022-01-25T03:00+00:00Z,,MAW,B10,576
2022-01-25T03:00+00:00Z,2022-01-25T04:00+00:00Z,,MAW,B10,487
2022-01-25T04:00+00:00Z,2022-01-25T05:00+00:00Z,,MAW,B10,113
2022-01-25T05:00+00:00Z,2022-01-25T06:00+00:00Z,,MAW,B10,0
2022-01-25T06:00+00:00Z,2022-01-25T07:00+00:00Z,,MAW,B10,0
2022-01-25T07:00+00:00Z,2022-01-25T08:00+00:00Z,,MAW,B10,0
2022-01-25T08:00+00:00Z,2022-01-25T09:00+00:00Z,,MAW,B10,0
2022-01-25T09:00+00:00Z,2022-01-25T10:00+00:00Z,,MAW,B10,0
2022-01-25T10:00+00:00Z,2022-01-25T11:00+00:00Z,,MAW,B10,0
2022-01-25T11:00+00:00Z,2022-01-25T12:00+00:00Z,,MAW,B10,0
2022-01-25T12:00+00:00Z,2022-01-25T13:00+00:00Z,,MAW,B10,1
2022-01-25T13:00+00:00Z,2022-01-25T14:00+00:00Z,,MAW,B10,16
2022-01-25T14:00+00:00Z,2022-01-25T15:00+00:00Z,,MAW,B10,4
2022-01-25T15:00+00:00Z,2022-01-25T16:00+00:00Z,,MAW,B10,0
2022-01-25T16:00+00:00Z,2022-01-25T17:00+00:00Z,,MAW,B10,0
2022-01-25T17:00+00:00Z,2022-01-25T18:00+00:00Z,,MAW,B10,0
2022-01-25T18:00+00:00Z,2022-01-25T19:00+00:00Z,,MAW,B10,0
2022-01-25T19:00+00:00Z,2022-01-25T20:00+00:00Z,,MAW,B10,0
2022-01-25T20:00+00:00Z,2022-01-25T21:00+00:00Z,,MAW,B10,0
2022-01-25T21:00+00:00Z,2022-01-25T22:00+00:00Z,,MAW,B10,38
2022-01-25T22:00+00:00Z,2022-01-25T23:00+00:00Z,,MAW,B10,13
2022-01-25T23:00+00:00Z,2022-01-26T00:00+00:00Z,,MAW,B10,0
2022-01-26T00:00+00:00Z,2022-01-26T01:00+00:00Z,,MAW,B10,0
2022-01-26T01:00+00:00Z,2022-01-26T02:00+00:00Z,,MAW,B10,0
2022-01-26T02:00+00:00Z,2022-01-26T03:00+00:00Z,,MAW,B10,0
2022-01-26T03:00+00:00Z,2022-01-26T04:00+00:00Z,,MAW,B10,0
2022-01-26T04:00+00:00Z,2022-01-26T05:00+00:00Z,,MAW,B10,0
2022-01-26T05:00+00:00Z,2022-01-26T06:00+00:00Z,,MAW,B10,0
2022-01-26T06:00+00:00Z,2022-01-26T07:00+00:00Z,,MAW,B10,0
2022-01-26T07:00+00:00Z,2022-01-26T08:00+00:00Z,,MAW,B10,0
2022-01-26T08:00+00:00Z,2022-01-26T09:00+00:00Z,,MAW,B10,0
2022-01-26T09:00+00:00Z,2022-01-26T10:00+00:00Z,,MAW,B10,0
2022-01-26T10:00+00:00Z,2022-01-26T11:00+00:00Z,,MAW,B10,0
2022-01-26T11:00+00:00Z,2022-01-26T12:00+00:00Z,,MAW,B10,1
2022-01-26T12:00+00:00Z,2022-01-26T13:00+00:00Z,,MAW,B10,0
2022-01-26T13:00+00:00Z,2022-01-26T14:00+00:00Z,,MAW,B10,0
2022-01-26T14:00+00:00Z,2022-01-26T15:00+00:00Z,,MAW,B10,0
2022-01-26T15:00+00:00Z,2022-01-26T16:00+00:00Z,,MAW,B10,0
2022-01-26T16:00+00:00Z,2022-01-26T17:00+00:00Z,,MAW,B10,0
2022-01-26T17:00+00:00Z,2022-01-26T18:00+00:00Z,,MAW,B10,0
2022-01-26T18:00+00:00Z,2022-01-26T19:00+00:00Z,,MAW,B10,0
2022-01-26T19:00+00:00Z,2022-01-26T20:00+00:00Z,,MAW,B10,0
2022-01-26T20:00+00:00Z,2022-01-26T21:00+00:00Z,,MAW,B10,0
2022-01-26T21:00+00:00Z,2022-01-26T22:00+00:00Z,,MAW,B10,0
2022-01-26T22:00+00:00Z,2022-01-26T23:00+00:00Z,,MAW,B10,0
2022-01-26T23:00+00:00Z,2022-01-27T00:00+00:00Z,,MAW,B10,0
2022-01-27T00:00+00:00Z,2022-01-27T01:00+00:00Z,,MAW,B10,0
2022-01-27T01:00+00:00Z,2022-01-27T02:00+00:00Z,,MAW,B10,0
2022-01-27T02:00+00:00Z,2022-01-27T03:00+00:00Z,,MAW,B10,0
2022-01-27T03:00+00:00Z,2022-01-27T04:00+00:00Z,,MAW,B10,0
2022-01-27T04:00+00:00Z,2022-01-27T05:00+00:00Z,,MAW,B10,0
2022-01-27T05:00+00:00Z,2022-01-27T06:00+00:00Z,,MAW,B10,0
2022-01-27T06:00+00:00Z,2022-01-27T07:00+00:00Z,,MAW,B10,0
2022-01-27T07:00+00:00Z,2022-01-27T08:00+00:00Z,,MAW,B10,0
2022-01-27T08:00+00:00Z,2022-01-27T09:00+00:00Z,,MAW,B10,0
2022-01-27T09:00+00:00Z,2022-01-27T10:00+00:00Z,,MAW,B10,0
2022-01-27T10:00+00:00Z,2022-01-27T11:00+00:00Z,,MAW,B10,0
2022-01-27T11:00+00:00Z,2022-01-27T12:00+00:00Z,,MAW,B10,0
2022-01-27T12:00+00:00Z,2022-01-27T13:00+00:00Z,,MAW,B10,0
2022-01-27T13:00+00:00Z,2022-01-27T14:00+00:00Z,,MAW,B10,0
2022-01-27T14:00+00:00Z,2022-01-27T15:00+00:00Z,,MAW,B10,0
2022-01-27T15:00+00:00Z,2022-01-27T16:00+00:00Z,,MAW,B10,0
2022-01-27T16:00+00:00Z,2022-01-27T17:00+00:00Z,,MAW,B10,0
2022-01-27T17:00+00:00Z,2022-01-27T18:00+00:00Z,,MAW,B10,0
2022-01-27T18:00+00:00Z,2022-01-27T19:00+00:00Z,,MAW,B10,0
2022-01-27T19:00+00:00Z,2022-01-27T20:00+00:00Z,,MAW,B10,0
2022-01-27T20:00+00:00Z,2022-01-27T21:00+00:00Z,,MAW,B10,0
2022-01-27T21:00+00:00Z,2022-01-27T22:00+00:00Z,,MAW,B10,0
2022-01-27T22:00+00:00Z,2022-01-27T23:00+00:00Z,,MAW,B10,83
2022-01-27T23:00+00:00Z,2022-01-28T00:00+00:00Z,,MAW,B10,172
2022-01-28T00:00+00:00Z,2022-01-28T01:00+00:00Z,,MAW,B10,389
2022-01-28T01:00+00:00Z,2022-01-28T02:00+00:00Z,,MAW,B10,586
2022-01-28T02:00+00:00Z,2022-01-28T03:00+00:00Z,,MAW,B10,563
2022-01-28T03:00+00:00Z,2022-01-28T04:00+00:00Z,,MAW,B10,172
2022-01-28T04:00+00:00Z,2022-01-28T05:00+00:00Z,,MAW,B10,0
2022-01-28T05:00+00:00Z,2022-01-28T06:00+00:00Z,,MAW,B10,0
2022-01-28T06:00+00:00Z,2022-01-28T07:00+00:00Z,,MAW,B10,0
2022-01-28T07:00+00:00Z,2022-01-28T08:00+00:00Z,,MAW,B10,28
2022-01-28T08:00+00:00Z,2022-01-28T09:00+00:00Z,,MAW,B10,0
2022-01-28T09:00+00:00Z,2022-01-28T10:00+00:00Z,,MAW,B10,39
2022-01-28T10:00+00:00Z,2022-01-28T11:00+00:00Z,,MAW,B10,2
2022-01-28T11:00+00:00Z,2022-01-28T12:00+00:00Z,,MAW,B10,0
2022-01-28T12:00+00:00Z,2022-01-28T13:00+00:00Z,,MAW,B10,94
2022-01-28T13:00+00:00Z,2022-01-28T14:00+00:00Z,,MAW,B10,751
2022-01-28T14:00+00:00Z,2022-01-28T15:00+00:00Z,,MAW,B10,861
2022-01-28T15:00+00:00Z,2022-01-28T16:00+00:00Z,,MAW,B10,177
2022-01-28T16:00+00:00Z,2022-01-28T17:00+00:00Z,,MAW,B10,0
2022-01-28T17:00+00:00Z,2022-01-28T18:00+00:00Z,,MAW,B10,0
2022-01-28T18:00+00:00Z,2022-01-28T19:00+00:00Z,,MAW,B10,17
2022-01-28T19:00+00:00Z,2022-01-28T20:00+00:00Z,,MAW,B10,91
2022-01-28T20:00+00:00Z,2022-01-28T21:00+00:00Z,,MAW,B10,1
2022-01-28T21:00+00:00Z,2022-01-28T22:00+00:00Z,,MAW,B10,0
2022-01-28T22:00+00:00Z,2022-01-28T23:00+00:00Z,,MAW,B10,0
2022-01-28T23:00+00:00Z,2022-01-29T00:00+00:00Z,,MAW,B10,2
2022-01-29T00:00+00:00Z,2022-01-29T01:00+00:00Z,,MAW,B10,515
2022-01-29T01:00+00:00Z,2022-01-29T02:00+00:00Z,,MAW,B10,598
2022-01-29T02:00+00:00Z,2022-01-29T03:00+00:00Z,,MAW,B10,602
2022-01-29T03:00+00:00Z,2022-01-29T04:00+00:00Z,,MAW,B10,768
2022-01-29T04:00+00:00Z,2022-01-29T05:00+00:00Z,,MAW,B10,776
2022-01-29T05:00+00:00Z,2022-01-29T06:00+00:00Z,,MAW,B10,617
2022-01-29T06:00+00:00Z,2022-01-29T07:00+00:00Z,,MAW,B10,3
2022-01-29T07:00+00:00Z,2022-01-29T08:00+00:00Z,,MAW,B10,0
2022-01-29T08:00+00:00Z,2022-01-29T09:00+00:00Z,,MAW,B10,0
2022-01-29T09:00+00:00Z,2022-01-29T10:00+00:00Z,,MAW,B10,17
2022-01-29T10:00+00:00Z,2022-01-29T11:00+00:00Z,,MAW,B10,350
2022-01-29T11:00+00:00Z,2022-01-29T12:00+00:00Z,,MAW,B10,406
2022-01-29T12:00+00:00Z,2022-01-29T13:00+00:00Z,,MAW,B10,597
2022-01-29T13:00+00:00Z,2022-01-29T14:00+00:00Z,,MAW,B10,1064
2022-01-29T14:00+00:00Z,2022-01-29T15:00+00:00Z,,MAW,B10,994
2022-01-29T15:00+00:00Z,2022-01-29T16:00+00:00Z,,MAW,B10,642
2022-01-29T16:00+00:00Z,2022-01-29T17:00+00:00Z,,MAW,B10,78
2022-01-29T17:00+00:00Z,2022-01-29T18:00+00:00Z,,MAW,B10,0
2022-01-29T18:00+00:00Z,2022-01-29T19:00+00:00Z,,MAW,B10,0
2022-01-29T19:00+00:00Z,2022-01-29T20:00+00:00Z,,MAW,B10,0
2022-01-29T20:00+00:00Z,2022-01-29T21:00+00:00Z,,MAW,B10,0
2022-01-29T21:00+00:00Z,2022-01-29T22:00+00:00Z,,MAW,B10,0
2022-01-29T22:00+00:00Z,2022-01-29T23:00+00:00Z,,MAW,B10,89
2022-01-29T23:00+00:00Z,2022-01-30T00:00+00:00Z,,MAW,B10,531
2022-01-30T00:00+00:00Z,2022-01-30T01:00+00:00Z,,MAW,B10,1050
2022-01-30T01:00+00:00Z,2022-01-30T02:00+00:00Z,,MAW,B10,1357
2022-01-30T02:00+00:00Z,2022-01-30T03:00+00:00Z,,MAW,B10,1415
2022-01-30T03:00+00:00Z,2022-01-30T04:00+00:00Z,,MAW,B10,1412
2022-01-30T04:00+00:00Z,2022-01-30T05:00+00:00Z,,MAW,B10,1410
2022-01-30T05:00+00:00Z,2022-01-30T06:00+00:00Z,,MAW,B10,1275
2022-01-30T06:00+00:00Z,2022-01-30T07:00+00:00Z,,MAW,B10,1006
2022-01-30T07:00+00:00Z,2022-01-30T08:00+00:00Z,,MAW,B10,646
2022-01-30T08:00+00:00Z,2022-01-30T09:00+00:00Z,,MAW,B10,124
2022-01-30T09:00+00:00Z,2022-01-30T10:00+00:00Z,,MAW,B10,0
2022-01-30T10:00+00:00Z,2022-01-30T11:00+00:00Z,,MAW,B10,3
2022-01-30T11:00+00:00Z,2022-01-30T12:00+00:00Z,,MAW,B10,192
2022-01-30T12:00+00:00Z,2022-01-30T13:00+00:00Z,,MAW,B10,654
2022-01-30T13:00+00:00Z,2022-01-30T14:00+00:00Z,,MAW,B10,864
2022-01-30T14:00+00:00Z,2022-01-30T15:00+00:00Z,,MAW,B10,497
2022-01-30T15:00+00:00Z,2022-01-30T16:00+00:00Z,,MAW,B10,0
2022-01-30T16:00+00:00Z,2022-01-30T17:00+00:00Z,,MAW,B10,0
2022-01-30T17:00+00:00Z,2022-01-30T18:00+00:00Z,,MAW,B10,0
2022-01-30T18:00+00:00Z,2022-01-30T19:00+00:00Z,,MAW,B10,0
2022-01-30T19:00+00:00Z,2022-01-30T20:00+00:00Z,,MAW,B10,0
2022-01-30T20:00+00:00Z,2022-01-30T21:00+00:00Z,,MAW,B10,0
2022-01-30T21:00+00:00Z,2022-01-30T22:00+00:00Z,,MAW,B10,1
2022-01-30T22:00+00:00Z,2022-01-30T23:00+00:00Z,,MAW,B10,72
2022-01-30T23:00+00:00Z,2022-01-31T00:00+00:00Z,,MAW,B10,12
2022-01-31T00:00+00:00Z,2022-01-31T01:00+00:00Z,,MAW,B10,24
2022-01-31T01:00+00:00Z,2022-01-31T02:00+00:00Z,,MAW,B10,737
2022-01-31T02:00+00:00Z,2022-01-31T03:00+00:00Z,,MAW,B10,1803
2022-01-31T03:00+00:00Z,2022-01-31T04:00+00:00Z,,MAW,B10,2350
2022-01-31T04:00+00:00Z,2022-01-31T05:00+00:00Z,,MAW,B10,427
2022-01-31T05:00+00:00Z,2022-01-31T06:00+00:00Z,,MAW,B10,0
2022-01-31T06:00+00:00Z,2022-01-31T07:00+00:00Z,,MAW,B10,0
2022-01-31T07:00+00:00Z,2022-01-31T08:00+00:00Z,,MAW,B10,0
2022-01-31T08:00+00:00Z,2022-01-31T09:00+00:00Z,,MAW,B10,15
2022-01-31T09:00+00:00Z,2022-01-31T10:00+00:00Z,,MAW,B10,0
2022-01-31T10:00+00:00Z,2022-01-31T11:00+00:00Z,,MAW,B10,0
2022-01-31T11:00+00:00Z,2022-01-31T12:00+00:00Z,,MAW,B10,0
2022-01-31T12:00+00:00Z,2022-01-31T13:00+00:00Z,,MAW,B10,0
2022-01-31T13:00+00:00Z,2022-01-31T14:00+00:00Z,,MAW,B10,0
2022-01-31T14:00+00:00Z,2022-01-31T15:00+00:00Z,,MAW,B10,0
2022-01-31T15:00+00:00Z,2022-01-31T16:00+00:00Z,,MAW,B10,353
2022-01-31T16:00+00:00Z,2022-01-31T17:00+00:00Z,,MAW,B10,0
2022-01-31T17:00+00:00Z,2022-01-31T18:00+00:00Z,,MAW,B10,0
2022-01-31T18:00+00:00Z,2022-01-31T19:00+00:00Z,,MAW,B10,0
2022-01-31T19:00+00:00Z,2022-01-31T20:00+00:00Z,,MAW,B10,0
2022-01-31T20:00+00:00Z,2022-01-31T21:00+00:00Z,,MAW,B10,0
2022-01-31T21:00+00:00Z,2022-01-31T22:00+00:00Z,,MAW,B10,0
2022-01-31T22:00+00:00Z,2022-01-31T23:00+00:00Z,,MAW,B10,0
2022-01-31T23:00+00:00Z,2022-02-01T00:00+00:00Z,,MAW,B10,434
2022-02-01T00:00+00:00Z,2022-02-01T01:00+00:00Z,,MAW,B10,984
2022-02-01T01:00+00:00Z,2022-02-01T02:00+00:00Z,,MAW,B10,2283
2022-02-01T02:00+00:00Z,2022-02-01T03:00+00:00Z,,MAW,B10,2633
2022-02-01T03:00+00:00Z,2022-02-01T04:00+00:00Z,,MAW,B10,2213
2022-02-01T04:00+00:00Z,2022-02-01T05:00+00:00Z,,MAW,B10,1190
2022-02-01T05:00+00:00Z,2022-02-01T06:00+00:00Z,,MAW,B10,87
2022-02-01T06:00+00:00Z,2022-02-01T07:00+00:00Z,,MAW,B10,0
2022-02-01T07:00+00:00Z,2022-02-01T08:00+00:00Z,,MAW,B10,0
2022-02-01T08:00+00:00Z,2022-02-01T09:00+00:00Z,,MAW,B10,373
2022-02-01T09:00+00:00Z,2022-02-01T10:00+00:00Z,,MAW,B10,1409
2022-02-01T10:00+00:00Z,2022-02-01T11:00+00:00Z,,MAW,B10,1390
2022-02-01T11:00+00:00Z,2022-02-01T12:00+00:00Z,,MAW,B10,2128
2022-02-01T12:00+00:00Z,2022-02-01T13:00+00:00Z,,MAW,B10,2546
2022-02-01T13:00+00:00Z,2022-02-01T14:00+00:00Z,,MAW,B10,2551
2022-02-01T14:00+00:00Z,2022-02-01T15:00+00:00Z,,MAW,B10,2482
2022-02-01T15:00+00:00Z,2022-02-01T16:00+00:00Z,,MAW,B10,778
2022-02-01T16:00+00:00Z,2022-02-01T17:00+00:00Z,,MAW,B10,5
2022-02-01T17:00+00:00Z,2022-02-01T18:00+00:00Z,,MAW,B10,0
2022-02-01T18:00+00:00Z,2022-02-01T19:00+00:00Z,,MAW,B10,0
2022-02-01T19:00+00:00Z,2022-02-01T20:00+00:00Z,,MAW,B10,0
2022-02-01T20:00+00:00Z,2022-02-01T21:00+00:00Z,,MAW,B10,4
2022-02-01T21:00+00:00Z,2022-02-01T22:00+00:00Z,,MAW,B10,426
2022-02-01T22:00+00:00Z,2022-02-01T23:00+00:00Z,,MAW,B10,2003
2022-02-01T23:00+00:00Z,2022-02-02T00:00+00:00Z,,MAW,B10,2673
2022-02-02T00:00+00:00Z,2022-02-02T01:00+00:00Z,,MAW,B10,2534
2022-02-02T01:00+00:00Z,2022-02-02T02:00+00:00Z,,MAW,B10,3105
2022-02-02T02:00+00:00Z,2022-02-02T03:00+00:00Z,,MAW,B10,2152
2022-02-02T03:00+00:00Z,2022-02-02T04:00+00:00Z,,MAW,B10,1835
2022-02-02T04:00+00:00Z,2022-02-02T05:00+00:00Z,,MAW,B10,929
2022-02-02T05:00+00:00Z,2022-02-02T06:00+00:00Z,,MAW,B10,38
2022-02-02T06:00+00:00Z,2022-02-02T07:00+00:00Z,,MAW,B10,0
2022-02-02T07:00+00:00Z,2022-02-02T08:00+00:00Z,,MAW,B10,0
2022-02-02T08:00+00:00Z,2022-02-02T09:00+00:00Z,,MAW,B10,345
2022-02-02T09:00+00:00Z,2022-02-02T10:00+00:00Z,,MAW,B10,1251
2022-02-02T10:00+00:00Z,2022-02-02T11:00+00:00Z,,MAW,B10,1394
2022-02-02T11:00+00:00Z,2022-02-02T12:00+00:00Z,,MAW,B10,1393
2022-02-02T12:00+00:00Z,2022-02-02T13:00+00:00Z,,MAW,B10,1264
2022-02-02T13:00+00:00Z,2022-02-02T14:00+00:00Z,,MAW,B10,1209
2022-02-02T14:00+00:00Z,2022-02-02T15:00+00:00Z,,MAW,B10,1139
2022-02-02T15:00+00:00Z,2022-02-02T16:00+00:00Z,,MAW,B10,71
2022-02-02T16:00+00:00Z,2022-02-02T17:00+00:00Z,,MAW,B10,0
2022-02-02T17:00+00:00Z,2022-02-02T18:00+00:00Z,,MAW,B10,0
2022-02-02T18:00+00:00Z,2022-02-02T19:00+00:00Z,,MAW,B10,0
2022-02-02T19:00+00:00Z,2022-02-02T20:00+00:00Z,,MAW,B10,0
2022-02-02T20:00+00:00Z,2022-02-02T21:00+00:00Z,,MAW,B10,0
2022-02-02T21:00+00:00Z,2022-02-02T22:00+00:00Z,,MAW,B10,0
2022-02-02T22:00+00:00Z,2022-02-02T23:00+00:00Z,,MAW,B10,0
2022-02-02T23:00+00:00Z,2022-02-03T00:00+00:00Z,,MAW,B10,0
2022-02-03T00:00+00:00Z,2022-02-03T01:00+00:00Z,,MAW,B10,258
2022-02-03T01:00+00:00Z,2022-02-03T02:00+00:00Z,,MAW,B10,671
2022-02-03T02:00+00:00Z,2022-02-03T03:00+00:00Z,,MAW,B10,826
2022-02-03T03:00+00:00Z,2022-02-03T04:00+00:00Z,,MAW,B10,731
2022-02-03T04:00+00:00Z,2022-02-03T05:00+00:00Z,,MAW,B10,404
2022-02-03T05:00+00:00Z,2022-02-03T06:00+00:00Z,,MAW,B10,0
2022-02-03T06:00+00:00Z,2022-02-03T07:00+00:00Z,,MAW,B10,0
2022-02-03T07:00+00:00Z,2022-02-03T08:00+00:00Z,,MAW,B10,0
2022-02-03T08:00+00:00Z,2022-02-03T09:00+00:00Z,,MAW,B10,0
2022-02-03T09:00+00:00Z,2022-02-03T10:00+00:00Z,,MAW,B10,0
2022-02-03T10:00+00:00Z,2022-02-03T11:00+00:00Z,,MAW,B10,0
2022-02-03T11:00+00:00Z,2022-02-03T12:00+00:00Z,,MAW,B10,119
2022-02-03T12:00+00:00Z,2022-02-03T13:00+00:00Z,,MAW,B10,703
2022-02-03T13:00+00:00Z,2022-02-03T14:00+00:00Z,,MAW,B10,729
2022-02-03T14:00+00:00Z,2022-02-03T15:00+00:00Z,,MAW,B10,84
2022-02-03T15:00+00:00Z,2022-02-03T16:00+00:00Z,,MAW,B10,0
2022-02-03T16:00+00:00Z,2022-02-03T17:00+00:00Z,,MAW,B10,0
2022-02-03T17:00+00:00Z,2022-02-03T18:00+00:00Z,,MAW,B10,0
2022-02-03T18:00+00:00Z,2022-02-03T19:00+00:00Z,,MAW,B10,0
2022-02-03T19:00+00:00Z,2022-02-03T20:00+00:00Z,,MAW,B10,0
2022-02-03T20:00+00:00Z,2022-02-03T21:00+00:00Z,,MAW,B10,0
2022-02-03T21:00+00:00Z,2022-02-03T22:00+00:00Z,,MAW,B10,0
2022-02-03T22:00+00:00Z,2022-02-03T23:00+00:00Z,,MAW,B10,0
2022-02-03T23:00+00:00Z,2022-02-04T00:00+00:00Z,,MAW,B10,148
2022-02-04T00:00+00:00Z,2022-02-04T01:00+00:00Z,,MAW,B10,924
2022-02-04T01:00+00:00Z,2022-02-04T02:00+00:00Z,,MAW,B10,1214
2022-02-04T02:00+00:00Z,2022-02-04T03:00+00:00Z,,MAW,B10,1217
2022-02-04T03:00+00:00Z,2022-02-04T04:00+00:00Z,,MAW,B10,1217
2022-02-04T04:00+00:00Z,2022-02-04T05:00+00:00Z,,MAW,B10,567
2022-02-04T05:00+00:00Z,2022-02-04T06:00+00:00Z,,MAW,B10,118
2022-02-04T06:00+00:00Z,2022-02-04T07:00+00:00Z,,MAW,B10,0
2022-02-04T07:00+00:00Z,2022-02-04T08:00+00:00Z,,MAW,B10,0
2022-02-04T08:00+00:00Z,2022-02-04T09:00+00:00Z,,MAW,B10,0
2022-02-04T09:00+00:00Z,2022-02-04T10:00+00:00Z,,MAW,B10,0
2022-02-04T10:00+00:00Z,2022-02-04T11:00+00:00Z,,MAW,B10,0
2022-02-04T11:00+00:00Z,2022-02-04T12:00+00:00Z,,MAW,B10,179
2022-02-04T12:00+00:00Z,2022-02-04T13:00+00:00Z,,MAW,B10,9
2022-02-04T13:00+00:00Z,2022-02-04T14:00+00:00Z,,MAW,B10,0
2022-02-04T14:00+00:00Z,2022-02-04T15:00+00:00Z,,MAW,B10,0
2022-02-04T15:00+00:00Z,2022-02-04T16:00+00:00Z,,MAW,B10,0
2022-02-04T16:00+00:00Z,2022-02-04T17:00+00:00Z,,MAW,B10,0
2022-02-04T17:00+00:00Z,2022-02-04T18:00+00:00Z,,MAW,B10,0
2022-02-04T18:00+00:00Z,2022-02-04T19:00+00:00Z,,MAW,B10,0
2022-02-04T19:00+00:00Z,2022-02-04T20:00+00:00Z,,MAW,B10,0
2022-02-04T20:00+00:00Z,2022-02-04T21:00+00:00Z,,MAW,B10,0
2022-02-04T21:00+00:00Z,2022-02-04T22:00+00:00Z,,MAW,B10,0
2022-02-04T22:00+00:00Z,2022-02-04T23:00+00:00Z,,MAW,B10,0
2022-02-04T23:00+00:00Z,2022-02-05T00:00+00:00Z,,MAW,B10,144
2022-02-05T00:00+00:00Z,2022-02-05T01:00+00:00Z,,MAW,B10,1026
2022-02-05T01:00+00:00Z,2022-02-05T02:00+00:00Z,,MAW,B10,1382
2022-02-05T02:00+00:00Z,2022-02-05T03:00+00:00Z,,MAW,B10,1683
2022-02-05T03:00+00:00Z,2022-02-05T04:00+00:00Z,,MAW,B10,1630
2022-02-05T04:00+00:00Z,2022-02-05T05:00+00:00Z,,MAW,B10,1409
2022-02-05T05:00+00:00Z,2022-02-05T06:00+00:00Z,,MAW,B10,1082
2022-02-05T06:00+00:00Z,2022-02-05T07:00+00:00Z,,MAW,B10,253
2022-02-05T07:00+00:00Z,2022-02-05T08:00+00:00Z,,MAW,B10,33
2022-02-05T08:00+00:00Z,2022-02-05T09:00+00:00Z,,MAW,B10,0
2022-02-05T09:00+00:00Z,2022-02-05T10:00+00:00Z,,MAW,B10,70
2022-02-05T10:00+00:00Z,2022-02-05T11:00+00:00Z,,MAW,B10,160
2022-02-05T11:00+00:00Z,2022-02-05T12:00+00:00Z,,MAW,B10,1198
2022-02-05T12:00+00:00Z,2022-02-05T13:00+00:00Z,,MAW,B10,1847
2022-02-05T13:00+00:00Z,2022-02-05T14:00+00:00Z,,MAW,B10,2035
2022-02-05T14:00+00:00Z,2022-02-05T15:00+00:00Z,,MAW,B10,2370
2022-02-05T15:00+00:00Z,2022-02-05T16:00+00:00Z,,MAW,B10,1492
2022-02-05T16:00+00:00Z,2022-02-05T17:00+00:00Z,,MAW,B10,19
2022-02-05T17:00+00:00Z,2022-02-05T18:00+00:00Z,,MAW,B10,0
2022-02-05T18:00+00:00Z,2022-02-05T19:00+00:00Z,,MAW,B10,0
2022-02-05T19:00+00:00Z,2022-02-05T20:00+00:00Z,,MAW,B10,0
2022-02-05T20:00+00:00Z,2022-02-05T21:00+00:00Z,,MAW,B10,45
2022-02-05T21:00+00:00Z,2022-02-05T22:00+00:00Z,,MAW,B10,712
2022-02-05T22:00+00:00Z,2022-02-05T23:00+00:00Z,,MAW,B10,1041
2022-02-05T23:00+00:00Z,2022-02-06T00:00+00:00Z,,MAW,B10,2040
2022-02-06T00:00+00:00Z,2022-02-06T01:00+00:00Z,,MAW,B10,2744
2022-02-06T01:00+00:00Z,2022-02-06T02:00+00:00Z,,MAW,B10,2879
2022-02-06T02:00+00:00Z,2022-02-06T03:00+00:00Z,,MAW,B10,3050
2022-02-06T03:00+00:00Z,2022-02-06T04:00+00:00Z,,MAW,B10,2867
2022-02-06T04:00+00:00Z,2022-02-06T05:00+00:00Z,,MAW,B10,2186
2022-02-06T05:00+00:00Z,2022-02-06T06:00+00:00Z,,MAW,B10,1758
2022-02-06T06:00+00:00Z,2022-02-06T07:00+00:00Z,,MAW,B10,1469
2022-02-06T07:00+00:00Z,2022-02-06T08:00+00:00Z,,MAW,B10,1450
2022-02-06T08:00+00:00Z,2022-02-06T09:00+00:00Z,,MAW,B10,1925
2022-02-06T09:00+00:00Z,2022-02-06T10:00+00:00Z,,MAW,B10,2040
2022-02-06T10:00+00:00Z,2022-02-06T11:00+00:00Z,,MAW,B10,2336
2022-02-06T11:00+00:00Z,2022-02-06T12:00+00:00Z,,MAW,B10,2025
2022-02-06T12:00+00:00Z,2022-02-06T13:00+00:00Z,,MAW,B10,1723
2022-02-06T13:00+00:00Z,2022-02-06T14:00+00:00Z,,MAW,B10,1749
2022-02-06T14:00+00:00Z,2022-02-06T15:00+00:00Z,,MAW,B10,1695
2022-02-06T15:00+00:00Z,2022-02-06T16:00+00:00Z,,MAW,B10,1161
2022-02-06T16:00+00:00Z,2022-02-06T17:00+00:00Z,,MAW,B10,133
2022-02-06T17:00+00:00Z,2022-02-06T18:00+00:00Z,,MAW,B10,0
2022-02-06T18:00+00:00Z,2022-02-06T19:00+00:00Z,,MAW,B10,0
2022-02-06T19:00+00:00Z,2022-02-06T20:00+00:00Z,,MAW,B10,0
2022-02-06T20:00+00:00Z,2022-02-06T21:00+00:00Z,,MAW,B10,0
2022-02-06T21:00+00:00Z,2022-02-06T22:00+00:00Z,,MAW,B10,23
2022-02-06T22:00+00:00Z,2022-02-06T23:00+00:00Z,,MAW,B10,1045
2022-02-06T23:00+00:00Z,2022-02-07T00:00+00:00Z,,MAW,B10,1567
2022-02-07T00:00+00:00Z,2022-02-07T01:00+00:00Z,,MAW,B10,1773
2022-02-07T01:00+00:00Z,2022-02-07T02:00+00:00Z,,MAW,B10,2322
2022-02-07T02:00+00:00Z,2022-02-07T03:00+00:00Z,,MAW,B10,2678
2022-02-07T03:00+00:00Z,2022-02-07T04:00+00:00Z,,MAW,B10,2496
2022-02-07T04:00+00:00Z,2022-02-07T05:00+00:00Z,,MAW,B10,636
2022-02-07T05:00+00:00Z,2022-02-07T06:00+00:00Z,,MAW,B10,0
2022-02-07T06:00+00:00Z,2022-02-07T07:00+00:00Z,,MAW,B10,0
2022-02-07T07:00+00:00Z,2022-02-07T08:00+00:00Z,,MAW,B10,8
2022-02-07T08:00+00:00Z,2022-02-07T09:00+00:00Z,,MAW,B10,223
2022-02-07T09:00+00:00Z,2022-02-07T10:00+00:00Z,,MAW,B10,886
2022-02-07T10:00+00:00Z,2022-02-07T11:00+00:00Z,,MAW,B10,1049
2022-02-07T11:00+00:00Z,2022-02-07T12:00+00:00Z,,MAW,B10,1153
2022-02-07T12:00+00:00Z,2022-02-07T13:00+00:00Z,,MAW,B10,1863
2022-02-07T13:00+00:00Z,2022-02-07T14:00+00:00Z,,MAW,B10,2406
2022-02-07T14:00+00:00Z,2022-02-07T15:00+00:00Z,,MAW,B10,2335
2022-02-07T15:00+00:00Z,2022-02-07T16:00+00:00Z,,MAW,B10,1508
2022-02-07T16:00+00:00Z,2022-02-07T17:00+00:00Z,,MAW,B10,8
2022-02-07T17:00+00:00Z,2022-02-07T18:00+00:00Z,,MAW,B10,0
2022-02-07T18:00+00:00Z,2022-02-07T19:00+00:00Z,,MAW,B10,0
2022-02-07T19:00+00:00Z,2022-02-07T20:00+00:00Z,,MAW,B10,0
2022-02-07T20:00+00:00Z,2022-02-07T21:00+00:00Z,,MAW,B10,286
2022-02-07T21:00+00:00Z,2022-02-07T22:00+00:00Z,,MAW,B10,1516
2022-02-07T22:00+00:00Z,2022-02-07T23:00+00:00Z,,MAW,B10,2256
2022-02-07T23:00+00:00Z,2022-02-08T00:00+00:00Z,,MAW,B10,2763
2022-02-08T00:00+00:00Z,2022-02-08T01:00+00:00Z,,MAW,B10,2993
2022-02-08T01:00+00:00Z,2022-02-08T02:00+00:00Z,,MAW,B10,3074
2022-02-08T02:00+00:00Z,2022-02-08T03:00+00:00Z,,MAW,B10,3287
2022-02-08T03:00+00:00Z,2022-02-08T04:00+00:00Z,,MAW,B10,2958
2022-02-08T04:00+00:00Z,2022-02-08T05:00+00:00Z,,MAW,B10,1132
2022-02-08T05:00+00:00Z,2022-02-08T06:00+00:00Z,,MAW,B10,24
2022-02-08T06:00+00:00Z,2022-02-08T07:00+00:00Z,,MAW,B10,0
2022-02-08T07:00+00:00Z,2022-02-08T08:00+00:00Z,,MAW,B10,0
2022-02-08T08:00+00:00Z,2022-02-08T09:00+00:00Z,,MAW,B10,426
2022-02-08T09:00+00:00Z,2022-02-08T10:00+00:00Z,,MAW,B10,1123
2022-02-08T10:00+00:00Z,2022-02-08T11:00+00:00Z,,MAW,B10,1119
2022-02-08T11:00+00:00Z,2022-02-08T12:00+00:00Z,,MAW,B10,1622
2022-02-08T12:00+00:00Z,2022-02-08T13:00+00:00Z,,MAW,B10,2327
2022-02-08T13:00+00:00Z,2022-02-08T14:00+00:00Z,,MAW,B10,2391
2022-02-08T14:00+00:00Z,2022-02-08T15:00+00:00Z,,MAW,B10,2123
2022-02-08T15:00+00:00Z,2022-02-08T16:00+00:00Z,,MAW,B10,1061
2022-02-08T16:00+00:00Z,2022-02-08T17:00+00:00Z,,MAW,B10,0
2022-02-08T17:00+00:00Z,2022-02-08T18:00+00:00Z,,MAW,B10,0
2022-02-08T18:00+00:00Z,2022-02-08T19:00+00:00Z,,MAW,B10,0
2022-02-08T19:00+00:00Z,2022-02-08T20:00+00:00Z,,MAW,B10,0
2022-02-08T20:00+00:00Z,2022-02-08T21:00+00:00Z,,MAW,B10,0
2022-02-08T21:00+00:00Z,2022-02-08T22:00+00:00Z,,MAW,B10,0
2022-02-08T22:00+00:00Z,2022-02-08T23:00+00:00Z,,MAW,B10,160
2022-02-08T23:00+00:00Z,2022-02-09T00:00+00:00Z,,MAW,B10,1038
2022-02-09T00:00+00:00Z,2022-02-09T01:00+00:00Z,,MAW,B10,1393
2022-02-09T01:00+00:00Z,2022-02-09T02:00+00:00Z,,MAW,B10,1474
2022-02-09T02:00+00:00Z,2022-02-09T03:00+00:00Z,,MAW,B10,1860
2022-02-09T03:00+00:00Z,2022-02-09T04:00+00:00Z,,MAW,B10,1299
2022-02-09T04:00+00:00Z,2022-02-09T05:00+00:00Z,,MAW,B10,494
2022-02-09T05:00+00:00Z,2022-02-09T06:00+00:00Z,,MAW,B10,0
2022-02-09T06:00+00:00Z,2022-02-09T07:00+00:00Z,,MAW,B10,0
2022-02-09T07:00+00:00Z,2022-02-09T08:00+00:00Z,,MAW,B10,0
2022-02-09T08:00+00:00Z,2022-02-09T09:00+00:00Z,,MAW,B10,0
2022-02-09T09:00+00:00Z,2022-02-09T10:00+00:00Z,,MAW,B10,165
2022-02-09T10:00+00:00Z,2022-02-09T11:00+00:00Z,,MAW,B10,201
2022-02-09T11:00+00:00Z,2022-02-09T12:00+00:00Z,,MAW,B10,583
2022-02-09T12:00+00:00Z,2022-02-09T13:00+00:00Z,,MAW,B10,728
2022-02-09T13:00+00:00Z,2022-02-09T14:00+00:00Z,,MAW,B10,1151
2022-02-09T14:00+00:00Z,2022-02-09T15:00+00:00Z,,MAW,B10,699
2022-02-09T15:00+00:00Z,2022-02-09T16:00+00:00Z,,MAW,B10,55
2022-02-09T16:00+00:00Z,2022-02-09T17:00+00:00Z,,MAW,B10,0
2022-02-09T17:00+00:00Z,2022-02-09T18:00+00:00Z,,MAW,B10,0
2022-02-09T18:00+00:00Z,2022-02-09T19:00+00:00Z,,MAW,B10,0
2022-02-09T19:00+00:00Z,2022-02-09T20:00+00:00Z,,MAW,B10,0
2022-02-09T20:00+00:00Z,2022-02-09T21:00+00:00Z,,MAW,B10,0
2022-02-09T21:00+00:00Z,2022-02-09T22:00+00:00Z,,MAW,B10,0
2022-02-09T22:00+00:00Z,2022-02-09T23:00+00:00Z,,MAW,B10,0
2022-02-09T23:00+00:00Z,2022-02-10T00:00+00:00Z,,MAW,B10,133
2022-02-10T00:00+00:00Z,2022-02-10T01:00+00:00Z,,MAW,B10,507
2022-02-10T01:00+00:00Z,2022-02-10T02:00+00:00Z,,MAW,B10,1468
2022-02-10T02:00+00:00Z,2022-02-10T03:00+00:00Z,,MAW,B10,789
2022-02-10T03:00+00:00Z,2022-02-10T04:00+00:00Z,,MAW,B10,411
2022-02-10T04:00+00:00Z,2022-02-10T05:00+00:00Z,,MAW,B10,94
2022-02-10T05:00+00:00Z,2022-02-10T06:00+00:00Z,,MAW,B10,0
2022-02-10T06:00+00:00Z,2022-02-10T07:00+00:00Z,,MAW,B10,0
2022-02-10T07:00+00:00Z,2022-02-10T08:00+00:00Z,,MAW,B10,0
2022-02-10T08:00+00:00Z,2022-02-10T09:00+00:00Z,,MAW,B10,0
2022-02-10T09:00+00:00Z,2022-02-10T10:00+00:00Z,,MAW,B10,0
2022-02-10T10:00+00:00Z,2022-02-10T11:00+00:00Z,,MAW,B10,6
2022-02-10T11:00+00:00Z,2022-02-10T12:00+00:00Z,,MAW,B10,465
2022-02-10T12:00+00:00Z,2022-02-10T13:00+00:00Z,,MAW,B10,552
2022-02-10T13:00+00:00Z,2022-02-10T14:00+00:00Z,,MAW,B10,280
2022-02-10T14:00+00:00Z,2022-02-10T15:00+00:00Z,,MAW,B10,0
2022-02-10T15:00+00:00Z,2022-02-10T16:00+00:00Z,,MAW,B10,0
2022-02-10T16:00+00:00Z,2022-02-10T17:00+00:00Z,,MAW,B10,0
2022-02-10T17:00+00:00Z,2022-02-10T18:00+00:00Z,,MAW,B10,0
2022-02-10T18:00+00:00Z,2022-02-10T19:00+00:00Z,,MAW,B10,0
2022-02-10T19:00+00:00Z,2022-02-10T20:00+00:00Z,,MAW,B10,0
2022-02-10T20:00+00:00Z,2022-02-10T21:00+00:00Z,,MAW,B10,0
2022-02-10T21:00+00:00Z,2022-02-10T22:00+00:00Z,,MAW,B10,0
2022-02-10T22:00+00:00Z,2022-02-10T23:00+00:00Z,,MAW,B10,0
2022-02-10T23:00+00:00Z,2022-02-11T00:00+00:00Z,,MAW,B10,0
2022-02-11T00:00+00:00Z,2022-02-11T01:00+00:00Z,,MAW,B10,64
2022-02-11T01:00+00:00Z,2022-02-11T02:00+00:00Z,,MAW,B10,406
2022-02-11T02:00+00:00Z,2022-02-11T03:00+00:00Z,,MAW,B10,357
2022-02-11T03:00+00:00Z,2022-02-11T04:00+00:00Z,,MAW,B10,53
2022-02-11T04:00+00:00Z,2022-02-11T05:00+00:00Z,,MAW,B10,0
2022-02-11T05:00+00:00Z,2022-02-11T06:00+00:00Z,,MAW,B10,0
2022-02-11T06:00+00:00Z,2022-02-11T07:00+00:00Z,,MAW,B10,0
2022-02-11T07:00+00:00Z,2022-02-11T08:00+00:00Z,,MAW,B10,1
2022-02-11T08:00+00:00Z,2022-02-11T09:00+00:00Z,,MAW,B10,1
2022-02-11T09:00+00:00Z,2022-02-11T10:00+00:00Z,,MAW,B10,1
2022-02-11T10:00+00:00Z,2022-02-11T11:00+00:00Z,,MAW,B10,265
2022-02-11T11:00+00:00Z,2022-02-11T12:00+00:00Z,,MAW,B10,626
2022-02-11T12:00+00:00Z,2022-02-11T13:00+00:00Z,,MAW,B10,795
2022-02-11T13:00+00:00Z,2022-02-11T14:00+00:00Z,,MAW,B10,1162
2022-02-11T14:00+00:00Z,2022-02-11T15:00+00:00Z,,MAW,B10,630
2022-02-11T15:00+00:00Z,2022-02-11T16:00+00:00Z,,MAW,B10,0
2022-02-11T16:00+00:00Z,2022-02-11T17:00+00:00Z,,MAW,B10,0
2022-02-11T17:00+00:00Z,2022-02-11T18:00+00:00Z,,MAW,B10,0
2022-02-11T18:00+00:00Z,2022-02-11T19:00+00:00Z,,MAW,B10,0
2022-02-11T19:00+00:00Z,2022-02-11T20:00+00:00Z,,MAW,B10,0
2022-02-11T20:00+00:00Z,2022-02-11T21:00+00:00Z,,MAW,B10,0
2022-02-11T21:00+00:00Z,2022-02-11T22:00+00:00Z,,MAW,B10,0
2022-02-11T22:00+00:00Z,2022-02-11T23:00+00:00Z,,MAW,B10,0
2022-02-11T23:00+00:00Z,2022-02-12T00:00+00:00Z,,MAW,B10,0
2022-02-12T00:00+00:00Z,2022-02-12T01:00+00:00Z,,MAW,B10,0
2022-02-12T01:00+00:00Z,2022-02-12T02:00+00:00Z,,MAW,B10,0
2022-02-12T02:00+00:00Z,2022-02-12T03:00+00:00Z,,MAW,B10,41
2022-02-12T03:00+00:00Z,2022-02-12T04:00+00:00Z,,MAW,B10,279
2022-02-12T04:00+00:00Z,2022-02-12T05:00+00:00Z,,MAW,B10,298
2022-02-12T05:00+00:00Z,2022-02-12T06:00+00:00Z,,MAW,B10,0
2022-02-12T06:00+00:00Z,2022-02-12T07:00+00:00Z,,MAW,B10,0
2022-02-12T07:00+00:00Z,2022-02-12T08:00+00:00Z,,MAW,B10,0
2022-02-12T08:00+00:00Z,2022-02-12T09:00+00:00Z,,MAW,B10,5
2022-02-12T09:00+00:00Z,2022-02-12T10:00+00:00Z,,MAW,B10,132
2022-02-12T10:00+00:00Z,2022-02-12T11:00+00:00Z,,MAW,B10,263
2022-02-12T11:00+00:00Z,2022-02-12T12:00+00:00Z,,MAW,B10,807
2022-02-12T12:00+00:00Z,2022-02-12T13:00+00:00Z,,MAW,B10,852
2022-02-12T13:00+00:00Z,2022-02-12T14:00+00:00Z,,MAW,B10,1309
2022-02-12T14:00+00:00Z,2022-02-12T15:00+00:00Z,,MAW,B10,941
2022-02-12T15:00+00:00Z,2022-02-12T16:00+00:00Z,,MAW,B10,157
2022-02-12T16:00+00:00Z,2022-02-12T17:00+00:00Z,,MAW,B10,0
2022-02-12T17:00+00:00Z,2022-02-12T18:00+00:00Z,,MAW,B10,0
2022-02-12T18:00+00:00Z,2022-02-12T19:00+00:00Z,,MAW,B10,0
2022-02-12T19:00+00:00Z,2022-02-12T20:00+00:00Z,,MAW,B10,0
2022-02-12T20:00+00:00Z,2022-02-12T21:00+00:00Z,,MAW,B10,0
2022-02-12T21:00+00:00Z,2022-02-12T22:00+00:00Z,,MAW,B10,0
2022-02-12T22:00+00:00Z,2022-02-12T23:00+00:00Z,,MAW,B10,0
2022-02-12T23:00+00:00Z,2022-02-13T00:00+00:00Z,,MAW,B10,110
2022-02-13T00:00+00:00Z,2022-02-13T01:00+00:00Z,,MAW,B10,374
2022-02-13T01:00+00:00Z,2022-02-13T02:00+00:00Z,,MAW,B10,889
2022-02-13T02:00+00:00Z,2022-02-13T03:00+00:00Z,,MAW,B10,1948
2022-02-13T03:00+00:00Z,2022-02-13T04:00+00:00Z,,MAW,B10,2334
2022-02-13T04:00+00:00Z,2022-02-13T05:00+00:00Z,,MAW,B10,2163
2022-02-13T05:00+00:00Z,2022-02-13T06:00+00:00Z,,MAW,B10,1762
2022-02-13T06:00+00:00Z,2022-02-13T07:00+00:00Z,,MAW,B10,1508
2022-02-13T07:00+00:00Z,2022-02-13T08:00+00:00Z,,MAW,B10,727
2022-02-13T08:00+00:00Z,2022-02-13T09:00+00:00Z,,MAW,B10,1360
2022-02-13T09:00+00:00Z,2022-02-13T10:00+00:00Z,,MAW,B10,2482
2022-02-13T10:00+00:00Z,2022-02-13T11:00+00:00Z,,MAW,B10,3693
2022-02-13T11:00+00:00Z,2022-02-13T12:00+00:00Z,,MAW,B10,4145
2022-02-13T12:00+00:00Z,2022-02-13T13:00+00:00Z,,MAW,B10,4049
2022-02-13T13:00+00:00Z,2022-02-13T14:00+00:00Z,,MAW,B10,3994
2022-02-13T14:00+00:00Z,2022-02-13T15:00+00:00Z,,MAW,B10,3770
2022-02-13T15:00+00:00Z,2022-02-13T16:00+00:00Z,,MAW,B10,3154
2022-02-13T16:00+00:00Z,2022-02-13T17:00+00:00Z,,MAW,B10,977
2022-02-13T17:00+00:00Z,2022-02-13T18:00+00:00Z,,MAW,B10,0
2022-02-13T18:00+00:00Z,2022-02-13T19:00+00:00Z,,MAW,B10,0
2022-02-13T19:00+00:00Z,2022-02-13T20:00+00:00Z,,MAW,B10,0
2022-02-13T20:00+00:00Z,2022-02-13T21:00+00:00Z,,MAW,B10,11
2022-02-13T21:00+00:00Z,2022-02-13T22:00+00:00Z,,MAW,B10,972
2022-02-13T22:00+00:00Z,2022-02-13T23:00+00:00Z,,MAW,B10,1703
2022-02-13T23:00+00:00Z,2022-02-14T00:00+00:00Z,,MAW,B10,2122
2022-02-14T00:00+00:00Z,2022-02-14T01:00+00:00Z,,MAW,B10,2991
2022-02-14T01:00+00:00Z,2022-02-14T02:00+00:00Z,,MAW,B10,3458
2022-02-14T02:00+00:00Z,2022-02-14T03:00+00:00Z,,MAW,B10,3333
2022-02-14T03:00+00:00Z,2022-02-14T04:00+00:00Z,,MAW,B10,2923
2022-02-14T04:00+00:00Z,2022-02-14T05:00+00:00Z,,MAW,B10,1429
2022-02-14T05:00+00:00Z,2022-02-14T06:00+00:00Z,,MAW,B10,40
2022-02-14T06:00+00:00Z,2022-02-14T07:00+00:00Z,,MAW,B10,0
2022-02-14T07:00+00:00Z,2022-02-14T08:00+00:00Z,,MAW,B10,0
2022-02-14T08:00+00:00Z,2022-02-14T09:00+00:00Z,,MAW,B10,114
2022-02-14T09:00+00:00Z,2022-02-14T10:00+00:00Z,,MAW,B10,667
2022-02-14T10:00+00:00Z,2022-02-14T11:00+00:00Z,,MAW,B10,761
2022-02-14T11:00+00:00Z,2022-02-14T12:00+00:00Z,,MAW,B10,1447
2022-02-14T12:00+00:00Z,2022-02-14T13:00+00:00Z,,MAW,B10,1802
2022-02-14T13:00+00:00Z,2022-02-14T14:00+00:00Z,,MAW,B10,1787
2022-02-14T14:00+00:00Z,2022-02-14T15:00+00:00Z,,MAW,B10,1592
2022-02-14T15:00+00:00Z,2022-02-14T16:00+00:00Z,,MAW,B10,1425
2022-02-14T16:00+00:00Z,2022-02-14T17:00+00:00Z,,MAW,B10,266
2022-02-14T17:00+00:00Z,2022-02-14T18:00+00:00Z,,MAW,B10,0
2022-02-14T18:00+00:00Z,2022-02-14T19:00+00:00Z,,MAW,B10,0
2022-02-14T19:00+00:00Z,2022-02-14T20:00+00:00Z,,MAW,B10,0
2022-02-14T20:00+00:00Z,2022-02-14T21:00+00:00Z,,MAW,B10,0
2022-02-14T21:00+00:00Z,2022-02-14T22:00+00:00Z,,MAW,B10,0
2022-02-14T22:00+00:00Z,2022-02-14T23:00+00:00Z,,MAW,B10,0
2022-02-14T23:00+00:00Z,2022-02-15T00:00+00:00Z,,MAW,B10,0
2022-02-15T00:00+00:00Z,2022-02-15T01:00+00:00Z,,MAW,B10,21
2022-02-15T01:00+00:00Z,2022-02-15T02:00+00:00Z,,MAW,B10,418
2022-02-15T02:00+00:00Z,2022-02-15T03:00+00:00Z,,MAW,B10,1151
2022-02-15T03:00+00:00Z,2022-02-15T04:00+00:00Z,,MAW,B10,1117
2022-02-15T04:00+00:00Z,2022-02-15T05:00+00:00Z,,MAW,B10,221
2022-02-15T05:00+00:00Z,2022-02-15T06:00+00:00Z,,MAW,B10,0
2022-02-15T06:00+00:00Z,2022-02-15T07:00+00:00Z,,MAW,B10,0
2022-02-15T07:00+00:00Z,2022-02-15T08:00+00:00Z,,MAW,B10,0
2022-02-15T08:00+00:00Z,2022-02-15T09:00+00:00Z,,MAW,B10,0
2022-02-15T09:00+00:00Z,2022-02-15T10:00+00:00Z,,MAW,B10,8
2022-02-15T10:00+00:00Z,2022-02-15T11:00+00:00Z,,MAW,B10,335
2022-02-15T11:00+00:00Z,2022-02-15T12:00+00:00Z,,MAW,B10,1455
2022-02-15T12:00+00:00Z,2022-02-15T13:00+00:00Z,,MAW,B10,1759
2022-02-15T13:00+00:00Z,2022-02-15T14:00+00:00Z,,MAW,B10,2092
2022-02-15T14:00+00:00Z,2022-02-15T15:00+00:00Z,,MAW,B10,2362
2022-02-15T15:00+00:00Z,2022-02-15T16:00+00:00Z,,MAW,B10,1108
2022-02-15T16:00+00:00Z,2022-02-15T17:00+00:00Z,,MAW,B10,422
2022-02-15T17:00+00:00Z,2022-02-15T18:00+00:00Z,,MAW,B10,202
2022-02-15T18:00+00:00Z,2022-02-15T19:00+00:00Z,,MAW,B10,202
2022-02-15T19:00+00:00Z,2022-02-15T20:00+00:00Z,,MAW,B10,201
2022-02-15T20:00+00:00Z,2022-02-15T21:00+00:00Z,,MAW,B10,280
2022-02-15T21:00+00:00Z,2022-02-15T22:00+00:00Z,,MAW,B10,516
2022-02-15T22:00+00:00Z,2022-02-15T23:00+00:00Z,,MAW,B10,803
2022-02-15T23:00+00:00Z,2022-02-16T00:00+00:00Z,,MAW,B10,1773
2022-02-16T00:00+00:00Z,2022-02-16T01:00+00:00Z,,MAW,B10,2921
2022-02-16T01:00+00:00Z,2022-02-16T02:00+00:00Z,,MAW,B10,3565
2022-02-16T02:00+00:00Z,2022-02-16T03:00+00:00Z,,MAW,B10,3970
2022-02-16T03:00+00:00Z,2022-02-16T04:00+00:00Z,,MAW,B10,3433
2022-02-16T04:00+00:00Z,2022-02-16T05:00+00:00Z,,MAW,B10,1938
2022-02-16T05:00+00:00Z,2022-02-16T06:00+00:00Z,,MAW,B10,229
2022-02-16T06:00+00:00Z,2022-02-16T07:00+00:00Z,,MAW,B10,0
2022-02-16T07:00+00:00Z,2022-02-16T08:00+00:00Z,,MAW,B10,656
2022-02-16T08:00+00:00Z,2022-02-16T09:00+00:00Z,,MAW,B10,853
2022-02-16T09:00+00:00Z,2022-02-16T10:00+00:00Z,,MAW,B10,1513
2022-02-16T10:00+00:00Z,2022-02-16T11:00+00:00Z,,MAW,B10,2083
2022-02-16T11:00+00:00Z,2022-02-16T12:00+00:00Z,,MAW,B10,2910
2022-02-16T12:00+00:00Z,2022-02-16T13:00+00:00Z,,MAW,B10,3311
2022-02-16T13:00+00:00Z,2022-02-16T14:00+00:00Z,,MAW,B10,3453
2022-02-16T14:00+00:00Z,2022-02-16T15:00+00:00Z,,MAW,B10,3395
2022-02-16T15:00+00:00Z,2022-02-16T16:00+00:00Z,,MAW,B10,1880
2022-02-16T16:00+00:00Z,2022-02-16T17:00+00:00Z,,MAW,B10,412
2022-02-16T17:00+00:00Z,2022-02-16T18:00+00:00Z,,MAW,B10,0
2022-02-16T18:00+00:00Z,2022-02-16T19:00+00:00Z,,MAW,B10,0
2022-02-16T19:00+00:00Z,2022-02-16T20:00+00:00Z,,MAW,B10,0
2022-02-16T20:00+00:00Z,2022-02-16T21:00+00:00Z,,MAW,B10,84
2022-02-16T21:00+00:00Z,2022-02-16T22:00+00:00Z,,MAW,B10,1055
2022-02-16T22:00+00:00Z,2022-02-16T23:00+00:00Z,,MAW,B10,1077
2022-02-16T23:00+00:00Z,2022-02-17T00:00+00:00Z,,MAW,B10,1392
2022-02-17T00:00+00:00Z,2022-02-17T01:00+00:00Z,,MAW,B10,2249
2022-02-17T01:00+00:00Z,2022-02-17T02:00+00:00Z,,MAW,B10,3044
2022-02-17T02:00+00:00Z,2022-02-17T03:00+00:00Z,,MAW,B10,3194
2022-02-17T03:00+00:00Z,2022-02-17T04:00+00:00Z,,MAW,B10,1777
2022-02-17T04:00+00:00Z,2022-02-17T05:00+00:00Z,,MAW,B10,446
2022-02-17T05:00+00:00Z,2022-02-17T06:00+00:00Z,,MAW,B10,66
2022-02-17T06:00+00:00Z,2022-02-17T07:00+00:00Z,,MAW,B10,0
2022-02-17T07:00+00:00Z,2022-02-17T08:00+00:00Z,,MAW,B10,0
2022-02-17T08:00+00:00Z,2022-02-17T09:00+00:00Z,,MAW,B10,0
2022-02-17T09:00+00:00Z,2022-02-17T10:00+00:00Z,,MAW,B10,11
2022-02-17T10:00+00:00Z,2022-02-17T11:00+00:00Z,,MAW,B10,386
2022-02-17T11:00+00:00Z,2022-02-17T12:00+00:00Z,,MAW,B10,478
2022-02-17T12:00+00:00Z,2022-02-17T13:00+00:00Z,,MAW,B10,725
2022-02-17T13:00+00:00Z,2022-02-17T14:00+00:00Z,,MAW,B10,917
2022-02-17T14:00+00:00Z,2022-02-17T15:00+00:00Z,,MAW,B10,569
2022-02-17T15:00+00:00Z,2022-02-17T16:00+00:00Z,,MAW,B10,467
2022-02-17T16:00+00:00Z,2022-02-17T17:00+00:00Z,,MAW,B10,0
2022-02-17T17:00+00:00Z,2022-02-17T18:00+00:00Z,,MAW,B10,0
2022-02-17T18:00+00:00Z,2022-02-17T19:00+00:00Z,,MAW,B10,0
2022-02-17T19:00+00:00Z,2022-02-17T20:00+00:00Z,,MAW,B10,0
2022-02-17T20:00+00:00Z,2022-02-17T21:00+00:00Z,,MAW,B10,0
2022-02-17T21:00+00:00Z,2022-02-17T22:00+00:00Z,,MAW,B10,0
2022-02-17T22:00+00:00Z,2022-02-17T23:00+00:00Z,,MAW,B10,0
2022-02-17T23:00+00:00Z,2022-02-18T00:00+00:00Z,,MAW,B10,0
2022-02-18T00:00+00:00Z,2022-02-18T01:00+00:00Z,,MAW,B10,0
2022-02-18T01:00+00:00Z,2022-02-18T02:00+00:00Z,,MAW,B10,39
2022-02-18T02:00+00:00Z,2022-02-18T03:00+00:00Z,,MAW,B10,53
2022-02-18T03:00+00:00Z,2022-02-18T04:00+00:00Z,,MAW,B10,53
2022-02-18T04:00+00:00Z,2022-02-18T05:00+00:00Z,,MAW,B10,1
2022-02-18T05:00+00:00Z,2022-02-18T06:00+00:00Z,,MAW,B10,0
2022-02-18T06:00+00:00Z,2022-02-18T07:00+00:00Z,,MAW,B10,0
2022-02-18T07:00+00:00Z,2022-02-18T08:00+00:00Z,,MAW,B10,0
2022-02-18T08:00+00:00Z,2022-02-18T09:00+00:00Z,,MAW,B10,0
2022-02-18T09:00+00:00Z,2022-02-18T10:00+00:00Z,,MAW,B10,0
2022-02-18T10:00+00:00Z,2022-02-18T11:00+00:00Z,,MAW,B10,0
2022-02-18T11:00+00:00Z,2022-02-18T12:00+00:00Z,,MAW,B10,0
2022-02-18T12:00+00:00Z,2022-02-18T13:00+00:00Z,,MAW,B10,0
2022-02-18T13:00+00:00Z,2022-02-18T14:00+00:00Z,,MAW,B10,0
2022-02-18T14:00+00:00Z,2022-02-18T15:00+00:00Z,,MAW,B10,156
2022-02-18T15:00+00:00Z,2022-02-18T16:00+00:00Z,,MAW,B10,589
2022-02-18T16:00+00:00Z,2022-02-18T17:00+00:00Z,,MAW,B10,0
2022-02-18T17:00+00:00Z,2022-02-18T18:00+00:00Z,,MAW,B10,0
2022-02-18T18:00+00:00Z,2022-02-18T19:00+00:00Z,,MAW,B10,0
2022-02-18T19:00+00:00Z,2022-02-18T20:00+00:00Z,,MAW,B10,0
2022-02-18T20:00+00:00Z,2022-02-18T21:00+00:00Z,,MAW,B10,0
2022-02-18T21:00+00:00Z,2022-02-18T22:00+00:00Z,,MAW,B10,56
2022-02-18T22:00+00:00Z,2022-02-18T23:00+00:00Z,,MAW,B10,1545
2022-02-18T23:00+00:00Z,2022-02-19T00:00+00:00Z,,MAW,B10,2384
2022-02-19T00:00+00:00Z,2022-02-19T01:00+00:00Z,,MAW,B10,3115
2022-02-19T01:00+00:00Z,2022-02-19T02:00+00:00Z,,MAW,B10,3554
2022-02-19T02:00+00:00Z,2022-02-19T03:00+00:00Z,,MAW,B10,3852
2022-02-19T03:00+00:00Z,2022-02-19T04:00+00:00Z,,MAW,B10,3581
2022-02-19T04:00+00:00Z,2022-02-19T05:00+00:00Z,,MAW,B10,2671
2022-02-19T05:00+00:00Z,2022-02-19T06:00+00:00Z,,MAW,B10,1969
2022-02-19T06:00+00:00Z,2022-02-19T07:00+00:00Z,,MAW,B10,661
2022-02-19T07:00+00:00Z,2022-02-19T08:00+00:00Z,,MAW,B10,144
2022-02-19T08:00+00:00Z,2022-02-19T09:00+00:00Z,,MAW,B10,459
2022-02-19T09:00+00:00Z,2022-02-19T10:00+00:00Z,,MAW,B10,1438
2022-02-19T10:00+00:00Z,2022-02-19T11:00+00:00Z,,MAW,B10,1218
2022-02-19T11:00+00:00Z,2022-02-19T12:00+00:00Z,,MAW,B10,1657
2022-02-19T12:00+00:00Z,2022-02-19T13:00+00:00Z,,MAW,B10,1890
2022-02-19T13:00+00:00Z,2022-02-19T14:00+00:00Z,,MAW,B10,2140
2022-02-19T14:00+00:00Z,2022-02-19T15:00+00:00Z,,MAW,B10,2076
2022-02-19T15:00+00:00Z,2022-02-19T16:00+00:00Z,,MAW,B10,1955
2022-02-19T16:00+00:00Z,2022-02-19T17:00+00:00Z,,MAW,B10,479
2022-02-19T17:00+00:00Z,2022-02-19T18:00+00:00Z,,MAW,B10,0
2022-02-19T18:00+00:00Z,2022-02-19T19:00+00:00Z,,MAW,B10,0
2022-02-19T19:00+00:00Z,2022-02-19T20:00+00:00Z,,MAW,B10,0
2022-02-19T20:00+00:00Z,2022-02-19T21:00+00:00Z,,MAW,B10,0
2022-02-19T21:00+00:00Z,2022-02-19T22:00+00:00Z,,MAW,B10,0
2022-02-19T22:00+00:00Z,2022-02-19T23:00+00:00Z,,MAW,B10,0
2022-02-19T23:00+00:00Z,2022-02-20T00:00+00:00Z,,MAW,B10,5
2022-02-20T00:00+00:00Z,2022-02-20T01:00+00:00Z,,MAW,B10,841
2022-02-20T01:00+00:00Z,2022-02-20T02:00+00:00Z,,MAW,B10,1191
2022-02-20T02:00+00:00Z,2022-02-20T03:00+00:00Z,,MAW,B10,1322
2022-02-20T03:00+00:00Z,2022-02-20T04:00+00:00Z,,MAW,B10,1320
2022-02-20T04:00+00:00Z,2022-02-20T05:00+00:00Z,,MAW,B10,1051
2022-02-20T05:00+00:00Z,2022-02-20T06:00+00:00Z,,MAW,B10,497
2022-02-20T06:00+00:00Z,2022-02-20T07:00+00:00Z,,MAW,B10,0
2022-02-20T07:00+00:00Z,2022-02-20T08:00+00:00Z,,MAW,B10,31
2022-02-20T08:00+00:00Z,2022-02-20T09:00+00:00Z,,MAW,B10,517
2022-02-20T09:00+00:00Z,2022-02-20T10:00+00:00Z,,MAW,B10,2097
2022-02-20T10:00+00:00Z,2022-02-20T11:00+00:00Z,,MAW,B10,2917
2022-02-20T11:00+00:00Z,2022-02-20T12:00+00:00Z,,MAW,B10,2251
2022-02-20T12:00+00:00Z,2022-02-20T13:00+00:00Z,,MAW,B10,2164
2022-02-20T13:00+00:00Z,2022-02-20T14:00+00:00Z,,MAW,B10,2603
2022-02-20T14:00+00:00Z,2022-02-20T15:00+00:00Z,,MAW,B10,2089
2022-02-20T15:00+00:00Z,2022-02-20T16:00+00:00Z,,MAW,B10,1205
2022-02-20T16:00+00:00Z,2022-02-20T17:00+00:00Z,,MAW,B10,170
2022-02-20T17:00+00:00Z,2022-02-20T18:00+00:00Z,,MAW,B10,0
2022-02-20T18:00+00:00Z,2022-02-20T19:00+00:00Z,,MAW,B10,0
2022-02-20T19:00+00:00Z,2022-02-20T20:00+00:00Z,,MAW,B10,0
2022-02-20T20:00+00:00Z,2022-02-20T21:00+00:00Z,,MAW,B10,0
2022-02-20T21:00+00:00Z,2022-02-20T22:00+00:00Z,,MAW,B10,63
2022-02-20T22:00+00:00Z,2022-02-20T23:00+00:00Z,,MAW,B10,206
2022-02-20T23:00+00:00Z,2022-02-21T00:00+00:00Z,,MAW,B10,289
2022-02-21T00:00+00:00Z,2022-02-21T01:00+00:00Z,,MAW,B10,780
2022-02-21T01:00+00:00Z,2022-02-21T02:00+00:00Z,,MAW,B10,1162
2022-02-21T02:00+00:00Z,2022-02-21T03:00+00:00Z,,MAW,B10,1040
2022-02-21T03:00+00:00Z,2022-02-21T04:00+00:00Z,,MAW,B10,734
2022-02-21T04:00+00:00Z,2022-02-21T05:00+00:00Z,,MAW,B10,44
2022-02-21T05:00+00:00Z,2022-02-21T06:00+00:00Z,,MAW,B10,0
2022-02-21T06:00+00:00Z,2022-02-21T07:00+00:00Z,,MAW,B10,0
2022-02-21T07:00+00:00Z,2022-02-21T08:00+00:00Z,,MAW,B10,0
2022-02-21T08:00+00:00Z,2022-02-21T09:00+00:00Z,,MAW,B10,463
2022-02-21T09:00+00:00Z,2022-02-21T10:00+00:00Z,,MAW,B10,1313
2022-02-21T10:00+00:00Z,2022-02-21T11:00+00:00Z,,MAW,B10,1083
2022-02-21T11:00+00:00Z,2022-02-21T12:00+00:00Z,,MAW,B10,1323
2022-02-21T12:00+00:00Z,2022-02-21T13:00+00:00Z,,MAW,B10,1738
2022-02-21T13:00+00:00Z,2022-02-21T14:00+00:00Z,,MAW,B10,2525
2022-02-21T14:00+00:00Z,2022-02-21T15:00+00:00Z,,MAW,B10,2004
2022-02-21T15:00+00:00Z,2022-02-21T16:00+00:00Z,,MAW,B10,831
2022-02-21T16:00+00:00Z,2022-02-21T17:00+00:00Z,,MAW,B10,197
2022-02-21T17:00+00:00Z,2022-02-21T18:00+00:00Z,,MAW,B10,1
2022-02-21T18:00+00:00Z,2022-02-21T19:00+00:00Z,,MAW,B10,0
2022-02-21T19:00+00:00Z,2022-02-21T20:00+00:00Z,,MAW,B10,0
2022-02-21T20:00+00:00Z,2022-02-21T21:00+00:00Z,,MAW,B10,0
2022-02-21T21:00+00:00Z,2022-02-21T22:00+00:00Z,,MAW,B10,0
2022-02-21T22:00+00:00Z,2022-02-21T23:00+00:00Z,,MAW,B10,0
2022-02-21T23:00+00:00Z,2022-02-22T00:00+00:00Z,,MAW,B10,447
2022-02-22T00:00+00:00Z,2022-02-22T01:00+00:00Z,,MAW,B10,822
2022-02-22T01:00+00:00Z,2022-02-22T02:00+00:00Z,,MAW,B10,820
2022-02-22T02:00+00:00Z,2022-02-22T03:00+00:00Z,,MAW,B10,831
2022-02-22T03:00+00:00Z,2022-02-22T04:00+00:00Z,,MAW,B10,632
2022-02-22T04:00+00:00Z,2022-02-22T05:00+00:00Z,,MAW,B10,174
2022-02-22T05:00+00:00Z,2022-02-22T06:00+00:00Z,,MAW,B10,0
2022-02-22T06:00+00:00Z,2022-02-22T07:00+00:00Z,,MAW,B10,0
2022-02-22T07:00+00:00Z,2022-02-22T08:00+00:00Z,,MAW,B10,85
2022-02-22T08:00+00:00Z,2022-02-22T09:00+00:00Z,,MAW,B10,653
2022-02-22T09:00+00:00Z,2022-02-22T10:00+00:00Z,,MAW,B10,1143
2022-02-22T10:00+00:00Z,2022-02-22T11:00+00:00Z,,MAW,B10,1134
2022-02-22T11:00+00:00Z,2022-02-22T12:00+00:00Z,,MAW,B10,1656
2022-02-22T12:00+00:00Z,2022-02-22T13:00+00:00Z,,MAW,B10,1884
2022-02-22T13:00+00:00Z,2022-02-22T14:00+00:00Z,,MAW,B10,2767
2022-02-22T14:00+00:00Z,2022-02-22T15:00+00:00Z,,MAW,B10,2562
2022-02-22T15:00+00:00Z,2022-02-22T16:00+00:00Z,,MAW,B10,1461
2022-02-22T16:00+00:00Z,2022-02-22T17:00+00:00Z,,MAW,B10,351
2022-02-22T17:00+00:00Z,2022-02-22T18:00+00:00Z,,MAW,B10,45
2022-02-22T18:00+00:00Z,2022-02-22T19:00+00:00Z,,MAW,B10,0
2022-02-22T19:00+00:00Z,2022-02-22T20:00+00:00Z,,MAW,B10,0
2022-02-22T20:00+00:00Z,2022-02-22T21:00+00:00Z,,MAW,B10,0
2022-02-22T21:00+00:00Z,2022-02-22T22:00+00:00Z,,MAW,B10,0
2022-02-22T22:00+00:00Z,2022-02-22T23:00+00:00Z,,MAW,B10,104
2022-02-22T23:00+00:00Z,2022-02-23T00:00+00:00Z,,MAW,B10,268
2022-02-23T00:00+00:00Z,2022-02-23T01:00+00:00Z,,MAW,B10,772
2022-02-23T01:00+00:00Z,2022-02-23T02:00+00:00Z,,MAW,B10,1540
2022-02-23T02:00+00:00Z,2022-02-23T03:00+00:00Z,,MAW,B10,1571
2022-02-23T03:00+00:00Z,2022-02-23T04:00+00:00Z,,MAW,B10,1466
2022-02-23T04:00+00:00Z,2022-02-23T05:00+00:00Z,,MAW,B10,326
2022-02-23T05:00+00:00Z,2022-02-23T06:00+00:00Z,,MAW,B10,0
2022-02-23T06:00+00:00Z,2022-02-23T07:00+00:00Z,,MAW,B10,0
2022-02-23T07:00+00:00Z,2022-02-23T08:00+00:00Z,,MAW,B10,0
2022-02-23T08:00+00:00Z,2022-02-23T09:00+00:00Z,,MAW,B10,6
2022-02-23T09:00+00:00Z,2022-02-23T10:00+00:00Z,,MAW,B10,2
2022-02-23T10:00+00:00Z,2022-02-23T11:00+00:00Z,,MAW,B10,93
2022-02-23T11:00+00:00Z,2022-02-23T12:00+00:00Z,,MAW,B10,210
2022-02-23T12:00+00:00Z,2022-02-23T13:00+00:00Z,,MAW,B10,265
2022-02-23T13:00+00:00Z,2022-02-23T14:00+00:00Z,,MAW,B10,98
2022-02-23T14:00+00:00Z,2022-02-23T15:00+00:00Z,,MAW,B10,320
2022-02-23T15:00+00:00Z,2022-02-23T16:00+00:00Z,,MAW,B10,176
2022-02-23T16:00+00:00Z,2022-02-23T17:00+00:00Z,,MAW,B10,0
2022-02-23T17:00+00:00Z,2022-02-23T18:00+00:00Z,,MAW,B10,0
2022-02-23T18:00+00:00Z,2022-02-23T19:00+00:00Z,,MAW,B10,0
2022-02-23T19:00+00:00Z,2022-02-23T20:00+00:00Z,,MAW,B10,0
2022-02-23T20:00+00:00Z,2022-02-23T21:00+00:00Z,,MAW,B10,0
2022-02-23T21:00+00:00Z,2022-02-23T22:00+00:00Z,,MAW,B10,0
2022-02-23T22:00+00:00Z,2022-02-23T23:00+00:00Z,,MAW,B10,0
2022-02-23T23:00+00:00Z,2022-02-24T00:00+00:00Z,,MAW,B10,0
2022-02-24T00:00+00:00Z,2022-02-24T01:00+00:00Z,,MAW,B10,0
2022-02-24T01:00+00:00Z,2022-02-24T02:00+00:00Z,,MAW,B10,54
2022-02-24T02:00+00:00Z,2022-02-24T03:00+00:00Z,,MAW,B10,77
2022-02-24T03:00+00:00Z,2022-02-24T04:00+00:00Z,,MAW,B10,1
2022-02-24T04:00+00:00Z,2022-02-24T05:00+00:00Z,,MAW,B10,0
2022-02-24T05:00+00:00Z,2022-02-24T06:00+00:00Z,,MAW,B10,0
2022-02-24T06:00+00:00Z,2022-02-24T07:00+00:00Z,,MAW,B10,0
2022-02-24T07:00+00:00Z,2022-02-24T08:00+00:00Z,,MAW,B10,132
2022-02-24T08:00+00:00Z,2022-02-24T09:00+00:00Z,,MAW,B10,46
2022-02-24T09:00+00:00Z,2022-02-24T10:00+00:00Z,,MAW,B10,0
2022-02-24T10:00+00:00Z,2022-02-24T11:00+00:00Z,,MAW,B10,0
2022-02-24T11:00+00:00Z,2022-02-24T12:00+00:00Z,,MAW,B10,0
2022-02-24T12:00+00:00Z,2022-02-24T13:00+00:00Z,,MAW,B10,0
2022-02-24T13:00+00:00Z,2022-02-24T14:00+00:00Z,,MAW,B10,0
2022-02-24T14:00+00:00Z,2022-02-24T15:00+00:00Z,,MAW,B10,0
2022-02-24T15:00+00:00Z,2022-02-24T16:00+00:00Z,,MAW,B10,0
2022-02-24T16:00+00:00Z,2022-02-24T17:00+00:00Z,,MAW,B10,0
2022-02-24T17:00+00:00Z,2022-02-24T18:00+00:00Z,,MAW,B10,0
2022-02-24T18:00+00:00Z,2022-02-24T19:00+00:00Z,,MAW,B10,0
2022-02-24T19:00+00:00Z,2022-02-24T20:00+00:00Z,,MAW,B10,0
2022-02-24T20:00+00:00Z,2022-02-24T21:00+00:00Z,,MAW,B10,1
2022-02-24T21:00+00:00Z,2022-02-24T22:00+00:00Z,,MAW,B10,26
2022-02-24T22:00+00:00Z,2022-02-24T23:00+00:00Z,,MAW,B10,543
2022-02-24T23:00+00:00Z,2022-02-25T00:00+00:00Z,,MAW,B10,1250
2022-02-25T00:00+00:00Z,2022-02-25T01:00+00:00Z,,MAW,B10,1926
2022-02-25T01:00+00:00Z,2022-02-25T02:00+00:00Z,,MAW,B10,2189
2022-02-25T02:00+00:00Z,2022-02-25T03:00+00:00Z,,MAW,B10,2590
2022-02-25T03:00+00:00Z,2022-02-25T04:00+00:00Z,,MAW,B10,2383
2022-02-25T04:00+00:00Z,2022-02-25T05:00+00:00Z,,MAW,B10,1755
2022-02-25T05:00+00:00Z,2022-02-25T06:00+00:00Z,,MAW,B10,596
2022-02-25T06:00+00:00Z,2022-02-25T07:00+00:00Z,,MAW,B10,1
2022-02-25T07:00+00:00Z,2022-02-25T08:00+00:00Z,,MAW,B10,1
2022-02-25T08:00+00:00Z,2022-02-25T09:00+00:00Z,,MAW,B10,1
2022-02-25T09:00+00:00Z,2022-02-25T10:00+00:00Z,,MAW,B10,1
2022-02-25T10:00+00:00Z,2022-02-25T11:00+00:00Z,,MAW,B10,1
2022-02-25T11:00+00:00Z,2022-02-25T12:00+00:00Z,,MAW,B10,13
2022-02-25T12:00+00:00Z,2022-02-25T13:00+00:00Z,,MAW,B10,1
2022-02-25T13:00+00:00Z,2022-02-25T14:00+00:00Z,,MAW,B10,1
2022-02-25T14:00+00:00Z,2022-02-25T15:00+00:00Z,,MAW,B10,1
2022-02-25T15:00+00:00Z,2022-02-25T16:00+00:00Z,,MAW,B10,1
2022-02-25T16:00+00:00Z,2022-02-25T17:00+00:00Z,,MAW,B10,1
2022-02-25T17:00+00:00Z,2022-02-25T18:00+00:00Z,,MAW,B10,1
2022-02-25T18:00+00:00Z,2022-02-25T19:00+00:00Z,,MAW,B10,1
2022-02-25T19:00+00:00Z,2022-02-25T20:00+00:00Z,,MAW,B10,1
2022-02-25T20:00+00:00Z,2022-02-25T21:00+00:00Z,,MAW,B10,1
2022-02-25T21:00+00:00Z,2022-02-25T22:00+00:00Z,,MAW,B10,175
2022-02-25T22:00+00:00Z,2022-02-25T23:00+00:00Z,,MAW,B10,223
2022-02-25T23:00+00:00Z,2022-02-26T00:00+00:00Z,,MAW,B10,438
2022-02-26T00:00+00:00Z,2022-02-26T01:00+00:00Z,,MAW,B10,814
2022-02-26T01:00+00:00Z,2022-02-26T02:00+00:00Z,,MAW,B10,1870
2022-02-26T02:00+00:00Z,2022-02-26T03:00+00:00Z,,MAW,B10,1980
2022-02-26T03:00+00:00Z,2022-02-26T04:00+00:00Z,,MAW,B10,1924
2022-02-26T04:00+00:00Z,2022-02-26T05:00+00:00Z,,MAW,B10,1749
2022-02-26T05:00+00:00Z,2022-02-26T06:00+00:00Z,,MAW,B10,872
2022-02-26T06:00+00:00Z,2022-02-26T07:00+00:00Z,,MAW,B10,547
2022-02-26T07:00+00:00Z,2022-02-26T08:00+00:00Z,,MAW,B10,2
2022-02-26T08:00+00:00Z,2022-02-26T09:00+00:00Z,,MAW,B10,1
2022-02-26T09:00+00:00Z,2022-02-26T10:00+00:00Z,,MAW,B10,1
2022-02-26T10:00+00:00Z,2022-02-26T11:00+00:00Z,,MAW,B10,513
2022-02-26T11:00+00:00Z,2022-02-26T12:00+00:00Z,,MAW,B10,950
2022-02-26T12:00+00:00Z,2022-02-26T13:00+00:00Z,,MAW,B10,738
2022-02-26T13:00+00:00Z,2022-02-26T14:00+00:00Z,,MAW,B10,918
2022-02-26T14:00+00:00Z,2022-02-26T15:00+00:00Z,,MAW,B10,323
2022-02-26T15:00+00:00Z,2022-02-26T16:00+00:00Z,,MAW,B10,1
2022-02-26T16:00+00:00Z,2022-02-26T17:00+00:00Z,,MAW,B10,1
2022-02-26T17:00+00:00Z,2022-02-26T18:00+00:00Z,,MAW,B10,1
2022-02-26T18:00+00:00Z,2022-02-26T19:00+00:00Z,,MAW,B10,1
2022-02-26T19:00+00:00Z,2022-02-26T20:00+00:00Z,,MAW,B10,1
2022-02-26T20:00+00:00Z,2022-02-26T21:00+00:00Z,,MAW,B10,1
2022-02-26T21:00+00:00Z,2022-02-26T22:00+00:00Z,,MAW,B10,1
2022-02-26T22:00+00:00Z,2022-02-26T23:00+00:00Z,,MAW,B10,1
2022-02-26T23:00+00:00Z,2022-02-27T00:00+00:00Z,,MAW,B10,135
2022-02-27T00:00+00:00Z,2022-02-27T01:00+00:00Z,,MAW,B10,705
2022-02-27T01:00+00:00Z,2022-02-27T02:00+00:00Z,,MAW,B10,842
2022-02-27T02:00+00:00Z,2022-02-27T03:00+00:00Z,,MAW,B10,1042
2022-02-27T03:00+00:00Z,2022-02-27T04:00+00:00Z,,MAW,B10,1206
2022-02-27T04:00+00:00Z,2022-02-27T05:00+00:00Z,,MAW,B10,899
2022-02-27T05:00+00:00Z,2022-02-27T06:00+00:00Z,,MAW,B10,800
2022-02-27T06:00+00:00Z,2022-02-27T07:00+00:00Z,,MAW,B10,799
2022-02-27T07:00+00:00Z,2022-02-27T08:00+00:00Z,,MAW,B10,517
2022-02-27T08:00+00:00Z,2022-02-27T09:00+00:00Z,,MAW,B10,205
2022-02-27T09:00+00:00Z,2022-02-27T10:00+00:00Z,,MAW,B10,1
2022-02-27T10:00+00:00Z,2022-02-27T11:00+00:00Z,,MAW,B10,1
2022-02-27T11:00+00:00Z,2022-02-27T12:00+00:00Z,,MAW,B10,1
2022-02-27T12:00+00:00Z,2022-02-27T13:00+00:00Z,,MAW,B10,8
2022-02-27T13:00+00:00Z,2022-02-27T14:00+00:00Z,,MAW,B10,63
2022-02-27T14:00+00:00Z,2022-02-27T15:00+00:00Z,,MAW,B10,429
2022-02-27T15:00+00:00Z,2022-02-27T16:00+00:00Z,,MAW,B10,670
2022-02-27T16:00+00:00Z,2022-02-27T17:00+00:00Z,,MAW,B10,214
2022-02-27T17:00+00:00Z,2022-02-27T18:00+00:00Z,,MAW,B10,0
2022-02-27T18:00+00:00Z,2022-02-27T19:00+00:00Z,,MAW,B10,0
2022-02-27T19:00+00:00Z,2022-02-27T20:00+00:00Z,,MAW,B10,0
2022-02-27T20:00+00:00Z,2022-02-27T21:00+00:00Z,,MAW,B10,0
2022-02-27T21:00+00:00Z,2022-02-27T22:00+00:00Z,,MAW,B10,0
2022-02-27T22:00+00:00Z,2022-02-27T23:00+00:00Z,,MAW,B10,0
2022-02-27T23:00+00:00Z,2022-02-28T00:00+00:00Z,,MAW,B10,129
2022-02-28T00:00+00:00Z,2022-02-28T01:00+00:00Z,,MAW,B10,191
2022-02-28T01:00+00:00Z,2022-02-28T02:00+00:00Z,,MAW,B10,201
2022-02-28T02:00+00:00Z,2022-02-28T03:00+00:00Z,,MAW,B10,396
2022-02-28T03:00+00:00Z,2022-02-28T04:00+00:00Z,,MAW,B10,396
2022-02-28T04:00+00:00Z,2022-02-28T05:00+00:00Z,,MAW,B10,107
2022-02-28T05:00+00:00Z,2022-02-28T06:00+00:00Z,,MAW,B10,1
2022-02-28T06:00+00:00Z,2022-02-28T07:00+00:00Z,,MAW,B10,1
2022-02-28T07:00+00:00Z,2022-02-28T08:00+00:00Z,,MAW,B10,258
2022-02-28T08:00+00:00Z,2022-02-28T09:00+00:00Z,,MAW,B10,775
2022-02-28T09:00+00:00Z,2022-02-28T10:00+00:00Z,,MAW,B10,1029
2022-02-28T10:00+00:00Z,2022-02-28T11:00+00:00Z,,MAW,B10,1057
2022-02-28T11:00+00:00Z,2022-02-28T12:00+00:00Z,,MAW,B10,968
2022-02-28T12:00+00:00Z,2022-02-28T13:00+00:00Z,,MAW,B10,1160
2022-02-28T13:00+00:00Z,2022-02-28T14:00+00:00Z,,MAW,B10,1770
2022-02-28T14:00+00:00Z,2022-02-28T15:00+00:00Z,,MAW,B10,1145
2022-02-28T15:00+00:00Z,2022-02-28T16:00+00:00Z,,MAW,B10,1043
2022-02-28T16:00+00:00Z,2022-02-28T17:00+00:00Z,,MAW,B10,106
2022-02-28T17:00+00:00Z,2022-02-28T18:00+00:00Z,,MAW,B10,0
2022-02-28T18:00+00:00Z,2022-02-28T19:00+00:00Z,,MAW,B10,0
2022-02-28T19:00+00:00Z,2022-02-28T20:00+00:00Z,,MAW,B10,0
2022-02-28T20:00+00:00Z,2022-02-28T21:00+00:00Z,,MAW,B10,0
2022-02-28T21:00+00:00Z,2022-02-28T22:00+00:00Z,,MAW,B10,0
2022-02-28T22:00+00:00Z,2022-02-28T23:00+00:00Z,,MAW,B10,0
